date,station,city,high_f,last_update_utc,obs_time_utc
2026-07-09,KAUS,Austin,98.6,2026-07-09T21:40:03+00:00,2026-07-09T21:40:03+00:00
2026-07-09,KDEN,Denver,87.1,2026-07-09T21:40:03+00:00,2026-07-09T21:40:03+00:00
2026-07-09,KLAX,Los Angeles,73.4,2026-07-09T20:02:32+00:00,2026-07-09T20:02:32+00:00
2026-07-09,KMDW,Chicago,86.0,2026-07-09T21:40:03+00:00,2026-07-09T21:40:03+00:00
2026-07-09,KMIA,Miami,91.4,2026-07-09T18:13:54+00:00,2026-07-09T18:13:54+00:00
2026-07-09,KNYC,New York City,79.0,2026-07-09T18:13:54+00:00,2026-07-09T18:13:54+00:00
2026-07-09,KPHL,Philadelphia,78.8,2026-07-09T20:02:32+00:00,2026-07-09T20:02:32+00:00
2026-07-10,KAUS,Austin,93.2,2026-07-10T19:21:27+00:00,2026-07-10T19:21:27+00:00
2026-07-10,KDEN,Denver,88.0,2026-07-10T20:46:34+00:00,2026-07-10T20:46:34+00:00
2026-07-10,KLAX,Los Angeles,73.4,2026-07-10T17:58:23+00:00,2026-07-10T17:58:23+00:00
2026-07-10,KMDW,Chicago,80.6,2026-07-10T17:58:23+00:00,2026-07-10T17:58:23+00:00
2026-07-10,KMIA,Miami,91.4,2026-07-10T17:58:23+00:00,2026-07-10T17:58:23+00:00
2026-07-10,KNYC,New York City,82.0,2026-07-10T16:02:05+00:00,2026-07-10T16:02:05+00:00
2026-07-10,KPHL,Philadelphia,86.0,2026-07-10T16:02:05+00:00,2026-07-10T16:02:05+00:00
2026-07-11,KAUS,Austin,89.6,2026-07-11T17:12:17+00:00,2026-07-11T17:12:17+00:00
2026-07-11,KDEN,Denver,93.0,2026-07-11T22:03:28+00:00,2026-07-11T22:03:28+00:00
2026-07-11,KLAX,Los Angeles,75.2,2026-07-11T19:22:41+00:00,2026-07-11T19:22:41+00:00
2026-07-11,KMDW,Chicago,82.4,2026-07-11T17:12:17+00:00,2026-07-11T17:12:17+00:00
2026-07-11,KMIA,Miami,89.6,2026-07-11T18:05:17+00:00,2026-07-11T18:05:17+00:00
2026-07-11,KNYC,New York City,81.0,2026-07-11T21:04:26+00:00,2026-07-11T21:04:26+00:00
2026-07-11,KPHL,Philadelphia,87.8,2026-07-11T16:08:03+00:00,2026-07-11T16:08:03+00:00
2026-07-12,KAUS,Austin,95.0,2026-07-12T21:29:38+00:00,2026-07-12T21:29:38+00:00
2026-07-12,KDEN,Denver,93.9,2026-07-12T20:32:46+00:00,2026-07-12T20:32:46+00:00
2026-07-12,KLAX,Los Angeles,75.2,2026-07-12T17:39:36+00:00,2026-07-12T17:39:36+00:00
2026-07-12,KMDW,Chicago,84.2,2026-07-12T17:39:36+00:00,2026-07-12T17:39:36+00:00
2026-07-12,KMIA,Miami,93.2,2026-07-12T17:39:36+00:00,2026-07-12T17:39:36+00:00
2026-07-12,KNYC,New York City,82.9,2026-07-12T17:39:36+00:00,2026-07-12T17:39:36+00:00
2026-07-12,KPHL,Philadelphia,87.8,2026-07-12T18:32:43+00:00,2026-07-12T18:32:43+00:00
2026-07-13,KAUS,Austin,93.2,2026-07-13T21:10:30+00:00,2026-07-13T21:10:30+00:00
2026-07-13,KDEN,Denver,97.0,2026-07-13T22:06:11+00:00,2026-07-13T22:06:11+00:00
2026-07-13,KLAX,Los Angeles,73.4,2026-07-13T18:53:23+00:00,2026-07-13T18:53:23+00:00
2026-07-13,KMDW,Chicago,91.4,2026-07-13T21:10:30+00:00,2026-07-13T21:10:30+00:00
2026-07-13,KMIA,Miami,91.4,2026-07-13T17:26:09+00:00,2026-07-13T17:26:09+00:00
2026-07-13,KNYC,New York City,82.9,2026-07-13T18:53:23+00:00,2026-07-13T18:53:23+00:00
2026-07-13,KPHL,Philadelphia,86.0,2026-07-13T20:04:04+00:00,2026-07-13T20:04:04+00:00
2026-07-14,KAUS,Austin,80.6,2026-07-14T20:31:48+00:00,2026-07-14T20:31:48+00:00
2026-07-14,KDEN,Denver,95.0,2026-07-14T22:36:27+00:00,2026-07-14T22:36:27+00:00
2026-07-14,KLAX,Los Angeles,75.2,2026-07-14T21:34:28+00:00,2026-07-14T21:34:28+00:00
2026-07-14,KMDW,Chicago,95.0,2026-07-14T20:31:48+00:00,2026-07-14T20:31:48+00:00
2026-07-14,KMIA,Miami,93.2,2026-07-14T19:14:36+00:00,2026-07-14T19:14:36+00:00
2026-07-14,KNYC,New York City,89.1,2026-07-14T19:14:36+00:00,2026-07-14T19:14:36+00:00
2026-07-14,KPHL,Philadelphia,91.4,2026-07-14T19:14:36+00:00,2026-07-14T19:14:36+00:00
2026-07-15,KAUS,Austin,80.6,2026-07-16T01:05:24+00:00,2026-07-16T01:05:24+00:00
2026-07-15,KDEN,Denver,93.0,2026-07-15T23:40:35+00:00,2026-07-15T23:40:35+00:00
2026-07-15,KLAX,Los Angeles,80.6,2026-07-15T19:58:37+00:00,2026-07-15T19:58:37+00:00
2026-07-15,KMDW,Chicago,93.2,2026-07-15T19:58:37+00:00,2026-07-15T19:58:37+00:00
2026-07-15,KMIA,Miami,93.2,2026-07-15T19:58:37+00:00,2026-07-15T19:58:37+00:00
2026-07-15,KNYC,New York City,95.0,2026-07-15T17:51:57+00:00,2026-07-15T17:51:57+00:00
2026-07-15,KPHL,Philadelphia,96.8,2026-07-15T17:51:57+00:00,2026-07-15T17:51:57+00:00
2026-07-16,KAUS,Austin,89.6,2026-07-16T20:31:58+00:00,2026-07-16T20:31:58+00:00
2026-07-16,KDEN,Denver,91.9,2026-07-16T21:42:04+00:00,2026-07-16T21:42:04+00:00
2026-07-16,KLAX,Los Angeles,80.6,2026-07-16T18:03:11+00:00,2026-07-16T18:03:11+00:00
2026-07-16,KMDW,Chicago,89.6,2026-07-16T18:03:11+00:00,2026-07-16T18:03:11+00:00
2026-07-16,KMIA,Miami,95.0,2026-07-16T19:32:23+00:00,2026-07-16T19:32:23+00:00
2026-07-16,KNYC,New York City,84.9,2026-07-16T21:42:04+00:00,2026-07-16T21:42:04+00:00
2026-07-16,KPHL,Philadelphia,95.0,2026-07-16T22:36:16+00:00,2026-07-16T22:36:16+00:00
2026-07-17,KAUS,Austin,93.2,2026-07-17T22:13:57+00:00,2026-07-17T22:13:57+00:00
2026-07-17,KDEN,Denver,90.0,2026-07-17T20:39:39+00:00,2026-07-17T20:39:39+00:00
2026-07-17,KLAX,Los Angeles,84.2,2026-07-17T20:39:39+00:00,2026-07-17T20:39:39+00:00
2026-07-17,KMDW,Chicago,91.4,2026-07-17T18:46:43+00:00,2026-07-17T18:46:43+00:00
2026-07-17,KMIA,Miami,91.4,2026-07-17T16:55:12+00:00,2026-07-17T16:55:12+00:00
2026-07-17,KNYC,New York City,86.0,2026-07-17T21:29:11+00:00,2026-07-17T21:29:11+00:00
2026-07-17,KPHL,Philadelphia,87.8,2026-07-17T18:46:43+00:00,2026-07-17T18:46:43+00:00
2026-07-18,KATL,Atlanta,78.8,2026-07-19T03:47:17+00:00,2026-07-19T03:47:17+00:00
2026-07-18,KAUS,Austin,93.2,2026-07-18T19:20:40+00:00,2026-07-18T19:20:40+00:00
2026-07-18,KBOS,Boston,71.6,2026-07-19T03:47:17+00:00,2026-07-19T03:47:17+00:00
2026-07-18,KDCA,Washington DC,78.8,2026-07-19T03:47:17+00:00,2026-07-19T03:47:17+00:00
2026-07-18,KDEN,Denver,93.0,2026-07-19T00:05:09+00:00,2026-07-19T00:05:09+00:00
2026-07-18,KDFW,Dallas,87.8,2026-07-19T03:47:17+00:00,2026-07-19T03:47:17+00:00
2026-07-18,KHOU,Houston,82.4,2026-07-19T03:47:17+00:00,2026-07-19T03:47:17+00:00
2026-07-18,KLAS,Las Vegas,100.4,2026-07-19T03:47:17+00:00,2026-07-19T03:47:17+00:00
2026-07-18,KLAX,Los Angeles,78.8,2026-07-18T20:09:45+00:00,2026-07-18T20:09:45+00:00
2026-07-18,KMDW,Chicago,89.6,2026-07-18T21:02:00+00:00,2026-07-18T21:02:00+00:00
2026-07-18,KMIA,Miami,89.6,2026-07-18T17:10:13+00:00,2026-07-18T17:10:13+00:00
2026-07-18,KMSP,Minneapolis,80.6,2026-07-19T03:47:17+00:00,2026-07-19T03:47:17+00:00
2026-07-18,KMSY,New Orleans,82.4,2026-07-19T03:47:17+00:00,2026-07-19T03:47:17+00:00
2026-07-18,KNYC,New York City,75.9,2026-07-18T14:04:59+00:00,2026-07-18T14:04:59+00:00
2026-07-18,KOKC,Oklahoma City,78.8,2026-07-19T03:47:17+00:00,2026-07-19T03:47:17+00:00
2026-07-18,KPHL,Philadelphia,91.4,2026-07-18T19:20:40+00:00,2026-07-18T19:20:40+00:00
2026-07-18,KPHX,Phoenix,93.2,2026-07-19T03:47:17+00:00,2026-07-19T03:47:17+00:00
2026-07-18,KSAT,San Antonio,82.4,2026-07-19T03:47:17+00:00,2026-07-19T03:47:17+00:00
2026-07-18,KSEA,Seattle,69.8,2026-07-19T03:47:17+00:00,2026-07-19T03:47:17+00:00
2026-07-18,KSFO,San Francisco,57.2,2026-07-19T03:47:17+00:00,2026-07-19T03:47:17+00:00
2026-07-19,KATL,Atlanta,89.6,2026-07-19T16:31:50+00:00,2026-07-19T16:31:50+00:00
2026-07-19,KAUS,Austin,95.0,2026-07-19T23:36:19+00:00,2026-07-19T23:36:19+00:00
2026-07-19,KBOS,Boston,80.6,2026-07-19T18:34:15+00:00,2026-07-19T18:34:15+00:00
2026-07-19,KDCA,Washington DC,87.8,2026-07-19T17:38:38+00:00,2026-07-19T17:38:38+00:00
2026-07-19,KDEN,Denver,97.0,2026-07-19T21:31:07+00:00,2026-07-19T21:31:07+00:00
2026-07-19,KDFW,Dallas,96.8,2026-07-19T19:49:12+00:00,2026-07-19T19:49:12+00:00
2026-07-19,KHOU,Houston,95.0,2026-07-19T22:30:59+00:00,2026-07-19T22:30:59+00:00
2026-07-19,KLAS,Las Vegas,105.8,2026-07-20T01:10:33+00:00,2026-07-20T01:10:33+00:00
2026-07-19,KLAX,Los Angeles,77.0,2026-07-19T20:34:53+00:00,2026-07-19T20:34:53+00:00
2026-07-19,KMDW,Chicago,78.8,2026-07-19T21:31:07+00:00,2026-07-19T21:31:07+00:00
2026-07-19,KMIA,Miami,91.4,2026-07-19T16:31:50+00:00,2026-07-19T16:31:50+00:00
2026-07-19,KMSP,Minneapolis,89.6,2026-07-19T20:34:53+00:00,2026-07-19T20:34:53+00:00
2026-07-19,KMSY,New Orleans,93.2,2026-07-19T21:31:07+00:00,2026-07-19T21:31:07+00:00
2026-07-19,KNYC,New York City,79.0,2026-07-19T20:34:53+00:00,2026-07-19T20:34:53+00:00
2026-07-19,KOKC,Oklahoma City,93.2,2026-07-19T19:49:12+00:00,2026-07-19T19:49:12+00:00
2026-07-19,KPHL,Philadelphia,84.2,2026-07-19T18:34:15+00:00,2026-07-19T18:34:15+00:00
2026-07-19,KPHX,Phoenix,102.2,2026-07-19T23:36:19+00:00,2026-07-19T23:36:19+00:00
2026-07-19,KSAT,San Antonio,96.8,2026-07-19T21:31:07+00:00,2026-07-19T21:31:07+00:00
2026-07-19,KSEA,Seattle,78.8,2026-07-20T01:10:33+00:00,2026-07-20T01:10:33+00:00
2026-07-19,KSFO,San Francisco,66.2,2026-07-19T19:49:12+00:00,2026-07-19T19:49:12+00:00
2026-07-20,KATL,Atlanta,93.2,2026-07-20T22:27:15+00:00,2026-07-20T22:27:15+00:00
2026-07-20,KAUS,Austin,96.8,2026-07-20T21:20:32+00:00,2026-07-20T21:20:32+00:00
2026-07-20,KBOS,Boston,82.4,2026-07-20T18:25:36+00:00,2026-07-20T18:25:36+00:00
2026-07-20,KDCA,Washington DC,86.0,2026-07-20T22:27:15+00:00,2026-07-20T22:27:15+00:00
2026-07-20,KDEN,Denver,100.0,2026-07-20T21:20:32+00:00,2026-07-20T21:20:32+00:00
2026-07-20,KDFW,Dallas,100.4,2026-07-20T21:20:32+00:00,2026-07-20T21:20:32+00:00
2026-07-20,KHOU,Houston,95.0,2026-07-20T21:20:32+00:00,2026-07-20T21:20:32+00:00
2026-07-20,KLAS,Las Vegas,105.8,2026-07-20T22:27:15+00:00,2026-07-20T22:27:15+00:00
2026-07-20,KLAX,Los Angeles,82.4,2026-07-20T18:25:36+00:00,2026-07-20T18:25:36+00:00
2026-07-20,KMDW,Chicago,82.4,2026-07-20T22:27:15+00:00,2026-07-20T22:27:15+00:00
2026-07-20,KMIA,Miami,91.4,2026-07-20T18:25:36+00:00,2026-07-20T18:25:36+00:00
2026-07-20,KMSP,Minneapolis,91.4,2026-07-20T21:20:32+00:00,2026-07-20T21:20:32+00:00
2026-07-20,KMSY,New Orleans,95.0,2026-07-20T22:27:15+00:00,2026-07-20T22:27:15+00:00
2026-07-20,KNYC,New York City,80.1,2026-07-20T20:01:42+00:00,2026-07-20T20:01:42+00:00
2026-07-20,KOKC,Oklahoma City,96.8,2026-07-20T20:01:42+00:00,2026-07-20T20:01:42+00:00
2026-07-20,KPHL,Philadelphia,84.2,2026-07-20T20:01:42+00:00,2026-07-20T20:01:42+00:00
2026-07-20,KPHX,Phoenix,105.8,2026-07-20T21:20:32+00:00,2026-07-20T21:20:32+00:00
2026-07-20,KSAT,San Antonio,96.8,2026-07-20T22:27:15+00:00,2026-07-20T22:27:15+00:00
2026-07-20,KSEA,Seattle,82.4,2026-07-21T00:56:49+00:00,2026-07-21T00:56:49+00:00
2026-07-20,KSFO,San Francisco,69.8,2026-07-20T21:20:32+00:00,2026-07-20T21:20:32+00:00
2026-07-21,KATL,Atlanta,87.8,2026-07-21T18:53:23+00:00,2026-07-21T18:53:23+00:00
2026-07-21,KAUS,Austin,100.4,2026-07-21T21:30:55+00:00,2026-07-21T21:30:55+00:00
2026-07-21,KBOS,Boston,78.8,2026-07-21T16:11:01+00:00,2026-07-21T16:11:01+00:00
2026-07-21,KDCA,Washington DC,91.4,2026-07-21T20:09:11+00:00,2026-07-21T20:09:11+00:00
2026-07-21,KDEN,Denver,93.9,2026-07-21T23:36:49+00:00,2026-07-21T23:36:49+00:00
2026-07-21,KDFW,Dallas,105.8,2026-07-21T22:32:46+00:00,2026-07-21T22:32:46+00:00
2026-07-21,KHOU,Houston,98.6,2026-07-21T22:32:46+00:00,2026-07-21T22:32:46+00:00
2026-07-21,KLAS,Las Vegas,102.2,2026-07-21T21:30:55+00:00,2026-07-21T21:30:55+00:00
2026-07-21,KLAX,Los Angeles,80.6,2026-07-21T17:41:50+00:00,2026-07-21T17:41:50+00:00
2026-07-21,KMDW,Chicago,84.2,2026-07-21T17:41:50+00:00,2026-07-21T17:41:50+00:00
2026-07-21,KMIA,Miami,91.4,2026-07-21T17:41:50+00:00,2026-07-21T17:41:50+00:00
2026-07-21,KMSP,Minneapolis,78.8,2026-07-21T21:30:55+00:00,2026-07-21T21:30:55+00:00
2026-07-21,KMSY,New Orleans,95.0,2026-07-21T20:09:11+00:00,2026-07-21T20:09:11+00:00
2026-07-21,KNYC,New York City,79.0,2026-07-21T17:41:50+00:00,2026-07-21T17:41:50+00:00
2026-07-21,KOKC,Oklahoma City,102.2,2026-07-21T20:09:11+00:00,2026-07-21T20:09:11+00:00
2026-07-21,KPHL,Philadelphia,87.8,2026-07-21T20:09:11+00:00,2026-07-21T20:09:11+00:00
2026-07-21,KPHX,Phoenix,100.4,2026-07-21T23:36:49+00:00,2026-07-21T23:36:49+00:00
2026-07-21,KSAT,San Antonio,98.6,2026-07-21T21:30:55+00:00,2026-07-21T21:30:55+00:00
2026-07-21,KSEA,Seattle,93.2,2026-07-22T01:03:40+00:00,2026-07-22T01:03:40+00:00
2026-07-21,KSFO,San Francisco,89.6,2026-07-22T01:03:40+00:00,2026-07-22T01:03:40+00:00
2026-07-22,KATL,Atlanta,87.8,2026-07-22T18:45:14+00:00,2026-07-22T18:45:14+00:00
2026-07-22,KAUS,Austin,102.2,2026-07-22T20:03:46+00:00,2026-07-22T20:03:46+00:00
2026-07-22,KBOS,Boston,84.2,2026-07-22T17:38:48+00:00,2026-07-22T17:38:48+00:00
2026-07-22,KDCA,Washington DC,91.4,2026-07-22T18:45:14+00:00,2026-07-22T18:45:14+00:00
2026-07-22,KDEN,Denver,93.0,2026-07-22T21:19:41+00:00,2026-07-22T21:19:41+00:00
2026-07-22,KDFW,Dallas,105.8,2026-07-22T20:03:46+00:00,2026-07-22T20:03:46+00:00
2026-07-22,KHOU,Houston,100.4,2026-07-22T20:03:46+00:00,2026-07-22T20:03:46+00:00
2026-07-22,KLAS,Las Vegas,107.6,2026-07-23T01:00:24+00:00,2026-07-23T01:00:24+00:00
2026-07-22,KLAX,Los Angeles,77.0,2026-07-22T23:29:35+00:00,2026-07-22T23:29:35+00:00
2026-07-22,KMDW,Chicago,71.6,2026-07-22T18:45:14+00:00,2026-07-22T18:45:14+00:00
2026-07-22,KMIA,Miami,91.4,2026-07-22T17:38:48+00:00,2026-07-22T17:38:48+00:00
2026-07-22,KMSP,Minneapolis,73.4,2026-07-22T23:29:35+00:00,2026-07-22T23:29:35+00:00
2026-07-22,KMSY,New Orleans,87.8,2026-07-22T17:38:48+00:00,2026-07-22T17:38:48+00:00
2026-07-22,KNYC,New York City,84.9,2026-07-22T18:45:14+00:00,2026-07-22T18:45:14+00:00
2026-07-22,KOKC,Oklahoma City,93.2,2026-07-22T20:03:46+00:00,2026-07-22T20:03:46+00:00
2026-07-22,KPHL,Philadelphia,89.6,2026-07-22T20:03:46+00:00,2026-07-22T20:03:46+00:00
2026-07-22,KPHX,Phoenix,104.0,2026-07-23T01:00:24+00:00,2026-07-23T01:00:24+00:00
2026-07-22,KSAT,San Antonio,100.4,2026-07-22T22:29:58+00:00,2026-07-22T22:29:58+00:00
2026-07-22,KSEA,Seattle,93.0,2026-07-22T23:29:35+00:00,2026-07-22T23:29:35+00:00
2026-07-22,KSFO,San Francisco,73.4,2026-07-22T21:19:41+00:00,2026-07-22T21:19:41+00:00
2026-07-23,KATL,Atlanta,89.6,2026-07-23T20:19:17+00:00,2026-07-23T20:19:17+00:00
2026-07-23,KAUS,Austin,98.6,2026-07-23T21:31:42+00:00,2026-07-23T21:31:42+00:00
2026-07-23,KBOS,Boston,80.6,2026-07-23T20:19:17+00:00,2026-07-23T20:19:17+00:00
2026-07-23,KDCA,Washington DC,82.4,2026-07-23T20:19:17+00:00,2026-07-23T20:19:17+00:00
2026-07-23,KDEN,Denver,84.9,2026-07-23T23:33:10+00:00,2026-07-23T23:33:10+00:00
2026-07-23,KDFW,Dallas,98.6,2026-07-23T21:31:42+00:00,2026-07-23T21:31:42+00:00
2026-07-23,KHOU,Houston,89.6,2026-07-23T07:04:00+00:00,2026-07-23T07:04:00+00:00
2026-07-23,KLAS,Las Vegas,111.2,2026-07-23T22:35:13+00:00,2026-07-23T22:35:13+00:00
2026-07-23,KLAX,Los Angeles,80.6,2026-07-23T21:31:42+00:00,2026-07-23T21:31:42+00:00
2026-07-23,KMDW,Chicago,75.2,2026-07-23T19:13:17+00:00,2026-07-23T19:13:17+00:00
2026-07-23,KMIA,Miami,91.4,2026-07-23T16:42:22+00:00,2026-07-23T16:42:22+00:00
2026-07-23,KMSP,Minneapolis,78.8,2026-07-23T19:13:17+00:00,2026-07-23T19:13:17+00:00
2026-07-23,KMSY,New Orleans,89.6,2026-07-23T16:42:22+00:00,2026-07-23T16:42:22+00:00
2026-07-23,KNYC,New York City,78.1,2026-07-23T17:59:21+00:00,2026-07-23T17:59:21+00:00
2026-07-23,KOKC,Oklahoma City,91.4,2026-07-23T20:19:17+00:00,2026-07-23T20:19:17+00:00
2026-07-23,KPHL,Philadelphia,82.4,2026-07-23T21:31:42+00:00,2026-07-23T21:31:42+00:00
2026-07-23,KPHX,Phoenix,113.0,2026-07-23T21:31:42+00:00,2026-07-23T21:31:42+00:00
2026-07-23,KSAT,San Antonio,98.6,2026-07-23T22:35:13+00:00,2026-07-23T22:35:13+00:00
2026-07-23,KSEA,Seattle,75.2,2026-07-23T23:33:10+00:00,2026-07-23T23:33:10+00:00
2026-07-23,KSFO,San Francisco,69.8,2026-07-23T21:31:42+00:00,2026-07-23T21:31:42+00:00
2026-07-24,KATL,Atlanta,87.8,2026-07-24T17:47:30+00:00,2026-07-24T17:47:30+00:00
2026-07-24,KAUS,Austin,93.2,2026-07-24T20:38:43+00:00,2026-07-24T20:38:43+00:00
2026-07-24,KBOS,Boston,77.0,2026-07-24T19:06:43+00:00,2026-07-24T19:06:43+00:00
2026-07-24,KDCA,Washington DC,80.6,2026-07-24T17:47:30+00:00,2026-07-24T17:47:30+00:00
2026-07-24,KDEN,Denver,95.0,2026-07-24T22:40:39+00:00,2026-07-24T22:40:39+00:00
2026-07-24,KDFW,Dallas,93.2,2026-07-24T19:06:43+00:00,2026-07-24T19:06:43+00:00
2026-07-24,KHOU,Houston,93.2,2026-07-24T20:38:43+00:00,2026-07-24T20:38:43+00:00
2026-07-24,KLAS,Las Vegas,113.0,2026-07-24T23:40:52+00:00,2026-07-24T23:40:52+00:00
2026-07-24,KLAX,Los Angeles,78.8,2026-07-24T19:06:43+00:00,2026-07-24T19:06:43+00:00
2026-07-24,KMDW,Chicago,78.8,2026-07-24T19:06:43+00:00,2026-07-24T19:06:43+00:00
2026-07-24,KMIA,Miami,91.4,2026-07-24T17:47:30+00:00,2026-07-24T17:47:30+00:00
2026-07-24,KMSP,Minneapolis,80.6,2026-07-24T20:38:43+00:00,2026-07-24T20:38:43+00:00
2026-07-24,KMSY,New Orleans,91.4,2026-07-24T21:41:53+00:00,2026-07-24T21:41:53+00:00
2026-07-24,KNYC,New York City,81.0,2026-07-24T17:47:30+00:00,2026-07-24T17:47:30+00:00
2026-07-24,KOKC,Oklahoma City,87.8,2026-07-24T21:41:53+00:00,2026-07-24T21:41:53+00:00
2026-07-24,KPHL,Philadelphia,84.2,2026-07-24T19:06:43+00:00,2026-07-24T19:06:43+00:00
2026-07-24,KPHX,Phoenix,114.8,2026-07-24T22:40:39+00:00,2026-07-24T22:40:39+00:00
2026-07-24,KSAT,San Antonio,93.2,2026-07-24T21:41:53+00:00,2026-07-24T21:41:53+00:00
2026-07-24,KSEA,Seattle,82.4,2026-07-25T01:07:25+00:00,2026-07-25T01:07:25+00:00
2026-07-24,KSFO,San Francisco,69.8,2026-07-24T21:41:53+00:00,2026-07-24T21:41:53+00:00
2026-07-25,KATL,Atlanta,87.8,2026-07-25T18:13:25+00:00,2026-07-25T18:13:25+00:00
2026-07-25,KAUS,Austin,95.0,2026-07-25T21:24:36+00:00,2026-07-25T21:24:36+00:00
2026-07-25,KBOS,Boston,75.2,2026-07-25T15:19:17+00:00,2026-07-25T15:19:17+00:00
2026-07-25,KDCA,Washington DC,82.4,2026-07-25T21:24:36+00:00,2026-07-25T21:24:36+00:00
2026-07-25,KDEN,Denver,99.0,2026-07-25T19:33:13+00:00,2026-07-25T19:33:13+00:00
2026-07-25,KDFW,Dallas,98.6,2026-07-25T22:14:30+00:00,2026-07-25T22:14:30+00:00
2026-07-25,KHOU,Houston,91.4,2026-07-25T19:33:13+00:00,2026-07-25T19:33:13+00:00
2026-07-25,KLAS,Las Vegas,113.0,2026-07-25T23:11:54+00:00,2026-07-25T23:11:54+00:00
2026-07-25,KLAX,Los Angeles,78.8,2026-07-25T17:27:18+00:00,2026-07-25T17:27:18+00:00
2026-07-25,KMDW,Chicago,75.2,2026-07-25T16:15:26+00:00,2026-07-25T16:15:26+00:00
2026-07-25,KMIA,Miami,91.4,2026-07-25T17:27:18+00:00,2026-07-25T17:27:18+00:00
2026-07-25,KMSP,Minneapolis,86.0,2026-07-25T23:11:54+00:00,2026-07-25T23:11:54+00:00
2026-07-25,KMSY,New Orleans,93.2,2026-07-25T19:33:13+00:00,2026-07-25T19:33:13+00:00
2026-07-25,KNYC,New York City,80.1,2026-07-25T17:27:18+00:00,2026-07-25T17:27:18+00:00
2026-07-25,KOKC,Oklahoma City,100.4,2026-07-25T20:29:39+00:00,2026-07-25T20:29:39+00:00
2026-07-25,KPHL,Philadelphia,84.2,2026-07-25T19:33:13+00:00,2026-07-25T19:33:13+00:00
2026-07-25,KPHX,Phoenix,114.8,2026-07-25T22:14:30+00:00,2026-07-25T22:14:30+00:00
2026-07-25,KSAT,San Antonio,93.2,2026-07-25T21:24:36+00:00,2026-07-25T21:24:36+00:00
2026-07-25,KSEA,Seattle,71.6,2026-07-25T20:29:39+00:00,2026-07-25T20:29:39+00:00
2026-07-25,KSFO,San Francisco,69.8,2026-07-25T19:33:13+00:00,2026-07-25T19:33:13+00:00
2026-07-26,KATL,Atlanta,91.4,2026-07-26T19:49:28+00:00,2026-07-26T19:49:28+00:00
2026-07-26,KAUS,Austin,96.8,2026-07-26T20:42:25+00:00,2026-07-26T20:42:25+00:00
2026-07-26,KBOS,Boston,71.6,2026-07-26T16:26:51+00:00,2026-07-26T16:26:51+00:00
2026-07-26,KDCA,Washington DC,84.2,2026-07-26T19:49:28+00:00,2026-07-26T19:49:28+00:00
2026-07-26,KDEN,Denver,100.0,2026-07-26T20:42:25+00:00,2026-07-26T20:42:25+00:00
2026-07-26,KDFW,Dallas,98.6,2026-07-26T19:49:28+00:00,2026-07-26T19:49:28+00:00
2026-07-26,KHOU,Houston,93.2,2026-07-26T19:49:28+00:00,2026-07-26T19:49:28+00:00
2026-07-26,KLAS,Las Vegas,109.4,2026-07-26T21:37:00+00:00,2026-07-26T21:37:00+00:00
2026-07-26,KLAX,Los Angeles,78.8,2026-07-26T22:37:40+00:00,2026-07-26T22:37:40+00:00
2026-07-26,KMDW,Chicago,89.6,2026-07-26T20:42:25+00:00,2026-07-26T20:42:25+00:00
2026-07-26,KMIA,Miami,91.4,2026-07-26T16:26:51+00:00,2026-07-26T16:26:51+00:00
2026-07-26,KMSP,Minneapolis,98.6,2026-07-26T22:37:40+00:00,2026-07-26T22:37:40+00:00
2026-07-26,KMSY,New Orleans,93.2,2026-07-26T19:49:28+00:00,2026-07-26T19:49:28+00:00
2026-07-26,KNYC,New York City,84.0,2026-07-26T20:42:25+00:00,2026-07-26T20:42:25+00:00
2026-07-26,KOKC,Oklahoma City,102.2,2026-07-26T20:42:25+00:00,2026-07-26T20:42:25+00:00
2026-07-26,KPHL,Philadelphia,84.2,2026-07-26T19:49:28+00:00,2026-07-26T19:49:28+00:00
2026-07-26,KPHX,Phoenix,109.4,2026-07-26T21:37:00+00:00,2026-07-26T21:37:00+00:00
2026-07-26,KSAT,San Antonio,95.0,2026-07-26T22:37:40+00:00,2026-07-26T22:37:40+00:00
2026-07-26,KSEA,Seattle,71.6,2026-07-26T19:49:28+00:00,2026-07-26T19:49:28+00:00
2026-07-26,KSFO,San Francisco,69.8,2026-07-26T22:37:40+00:00,2026-07-26T22:37:40+00:00
2026-07-27,KATL,Atlanta,91.4,2026-07-27T20:57:35+00:00,2026-07-27T20:57:35+00:00
2026-07-27,KAUS,Austin,96.8,2026-07-27T20:57:35+00:00,2026-07-27T20:57:35+00:00
2026-07-27,KBOS,Boston,75.2,2026-07-27T19:50:19+00:00,2026-07-27T19:50:19+00:00
2026-07-27,KDCA,Washington DC,89.6,2026-07-27T21:59:15+00:00,2026-07-27T21:59:15+00:00
2026-07-27,KDEN,Denver,91.9,2026-07-27T22:59:31+00:00,2026-07-27T22:59:31+00:00
2026-07-27,KDFW,Dallas,100.4,2026-07-27T21:59:15+00:00,2026-07-27T21:59:15+00:00
2026-07-27,KHOU,Houston,95.0,2026-07-27T21:59:15+00:00,2026-07-27T21:59:15+00:00
2026-07-27,KLAS,Las Vegas,109.4,2026-07-27T22:59:31+00:00,2026-07-27T22:59:31+00:00
2026-07-27,KLAX,Los Angeles,78.8,2026-07-27T18:10:46+00:00,2026-07-27T18:10:46+00:00
2026-07-27,KMDW,Chicago,86.0,2026-07-27T16:32:31+00:00,2026-07-27T16:32:31+00:00
2026-07-27,KMIA,Miami,89.6,2026-07-27T18:10:46+00:00,2026-07-27T18:10:46+00:00
2026-07-27,KMSP,Minneapolis,100.4,2026-07-27T21:59:15+00:00,2026-07-27T21:59:15+00:00
2026-07-27,KMSY,New Orleans,93.2,2026-07-27T19:50:19+00:00,2026-07-27T19:50:19+00:00
2026-07-27,KNYC,New York City,82.9,2026-07-27T16:32:31+00:00,2026-07-27T16:32:31+00:00
2026-07-27,KOKC,Oklahoma City,102.2,2026-07-27T21:59:15+00:00,2026-07-27T21:59:15+00:00
2026-07-27,KPHL,Philadelphia,87.8,2026-07-27T18:10:46+00:00,2026-07-27T18:10:46+00:00
2026-07-27,KPHX,Phoenix,111.2,2026-07-27T22:59:31+00:00,2026-07-27T22:59:31+00:00
2026-07-27,KSAT,San Antonio,96.8,2026-07-27T21:59:15+00:00,2026-07-27T21:59:15+00:00
2026-07-27,KSEA,Seattle,78.8,2026-07-28T00:00:38+00:00,2026-07-28T00:00:38+00:00
2026-07-27,KSFO,San Francisco,69.8,2026-07-27T20:57:35+00:00,2026-07-27T20:57:35+00:00
2026-07-28,KATL,Atlanta,93.2,2026-07-28T19:49:07+00:00,2026-07-28T19:49:07+00:00
2026-07-28,KAUS,Austin,98.6,2026-07-28T22:46:13+00:00,2026-07-28T22:46:13+00:00
2026-07-28,KBOS,Boston,82.4,2026-07-28T19:49:07+00:00,2026-07-28T19:49:07+00:00
2026-07-28,KDCA,Washington DC,87.8,2026-07-28T19:49:07+00:00,2026-07-28T19:49:07+00:00
2026-07-28,KDEN,Denver,91.9,2026-07-28T19:49:07+00:00,2026-07-28T19:49:07+00:00
2026-07-28,KDFW,Dallas,98.6,2026-07-28T19:49:07+00:00,2026-07-28T19:49:07+00:00
2026-07-28,KHOU,Houston,95.0,2026-07-28T20:54:20+00:00,2026-07-28T20:54:20+00:00
2026-07-28,KLAS,Las Vegas,109.4,2026-07-28T22:46:13+00:00,2026-07-28T22:46:13+00:00
2026-07-28,KLAX,Los Angeles,78.8,2026-07-28T21:52:28+00:00,2026-07-28T21:52:28+00:00
2026-07-28,KMDW,Chicago,78.8,2026-07-28T19:49:07+00:00,2026-07-28T19:49:07+00:00
2026-07-28,KMIA,Miami,89.6,2026-07-28T15:21:13+00:00,2026-07-28T15:21:13+00:00
2026-07-28,KMSP,Minneapolis,89.6,2026-07-28T22:46:13+00:00,2026-07-28T22:46:13+00:00
2026-07-28,KMSY,New Orleans,93.2,2026-07-28T20:54:20+00:00,2026-07-28T20:54:20+00:00
2026-07-28,KNYC,New York City,78.1,2026-07-28T15:21:13+00:00,2026-07-28T15:21:13+00:00
2026-07-28,KOKC,Oklahoma City,102.2,2026-07-28T20:54:20+00:00,2026-07-28T20:54:20+00:00
2026-07-28,KPHL,Philadelphia,84.2,2026-07-28T16:55:03+00:00,2026-07-28T16:55:03+00:00
2026-07-28,KPHX,Phoenix,105.8,2026-07-28T22:46:13+00:00,2026-07-28T22:46:13+00:00
2026-07-28,KSAT,San Antonio,96.8,2026-07-28T21:52:28+00:00,2026-07-28T21:52:28+00:00
2026-07-28,KSEA,Seattle,73.4,2026-07-28T21:52:28+00:00,2026-07-28T21:52:28+00:00
2026-07-28,KSFO,San Francisco,71.6,2026-07-28T22:46:13+00:00,2026-07-28T22:46:13+00:00
2026-07-29,KATL,Atlanta,89.6,2026-07-29T21:35:33+00:00,2026-07-29T21:35:33+00:00
2026-07-29,KAUS,Austin,98.6,2026-07-29T23:38:54+00:00,2026-07-29T23:38:54+00:00
2026-07-29,KBOS,Boston,66.2,2026-07-29T07:26:49+00:00,2026-07-29T07:26:49+00:00
2026-07-29,KDCA,Washington DC,82.4,2026-07-29T16:06:46+00:00,2026-07-29T16:06:46+00:00
2026-07-29,KDEN,Denver,90.0,2026-07-29T20:43:11+00:00,2026-07-29T20:43:11+00:00
2026-07-29,KDFW,Dallas,98.6,2026-07-29T20:43:11+00:00,2026-07-29T20:43:11+00:00
2026-07-29,KHOU,Houston,95.0,2026-07-29T19:56:54+00:00,2026-07-29T19:56:54+00:00
2026-07-29,KLAS,Las Vegas,109.4,2026-07-29T23:38:54+00:00,2026-07-29T23:38:54+00:00
2026-07-29,KLAX,Los Angeles,78.8,2026-07-29T17:33:39+00:00,2026-07-29T17:33:39+00:00
2026-07-29,KMDW,Chicago,78.8,2026-07-29T20:43:11+00:00,2026-07-29T20:43:11+00:00
2026-07-29,KMIA,Miami,93.2,2026-07-29T19:56:54+00:00,2026-07-29T19:56:54+00:00
2026-07-29,KMSP,Minneapolis,89.6,2026-07-29T19:56:54+00:00,2026-07-29T19:56:54+00:00
2026-07-29,KMSY,New Orleans,93.2,2026-07-29T18:37:06+00:00,2026-07-29T18:37:06+00:00
2026-07-29,KNYC,New York City,79.0,2026-07-29T19:56:54+00:00,2026-07-29T19:56:54+00:00
2026-07-29,KOKC,Oklahoma City,102.2,2026-07-29T20:43:11+00:00,2026-07-29T20:43:11+00:00
2026-07-29,KPHL,Philadelphia,84.2,2026-07-29T18:37:06+00:00,2026-07-29T18:37:06+00:00
2026-07-29,KPHX,Phoenix,109.4,2026-07-29T22:35:43+00:00,2026-07-29T22:35:43+00:00
2026-07-29,KSAT,San Antonio,96.8,2026-07-29T23:38:54+00:00,2026-07-29T23:38:54+00:00
2026-07-29,KSEA,Seattle,73.4,2026-07-29T21:35:33+00:00,2026-07-29T21:35:33+00:00
2026-07-29,KSFO,San Francisco,69.8,2026-07-29T22:35:43+00:00,2026-07-29T22:35:43+00:00
2026-07-30,KATL,Atlanta,89.6,2026-07-30T19:47:35+00:00,2026-07-30T19:47:35+00:00
2026-07-30,KAUS,Austin,100.4,2026-07-30T21:54:41+00:00,2026-07-30T21:54:41+00:00
2026-07-30,KBOS,Boston,71.6,2026-07-30T16:44:36+00:00,2026-07-30T16:44:36+00:00
2026-07-30,KDCA,Washington DC,86.0,2026-07-30T18:02:27+00:00,2026-07-30T18:02:27+00:00
2026-07-30,KDEN,Denver,93.9,2026-07-30T21:54:41+00:00,2026-07-30T21:54:41+00:00
2026-07-30,KDFW,Dallas,98.6,2026-07-30T19:47:35+00:00,2026-07-30T19:47:35+00:00
2026-07-30,KHOU,Houston,95.0,2026-07-30T19:47:35+00:00,2026-07-30T19:47:35+00:00
2026-07-30,KLAS,Las Vegas,109.4,2026-07-30T21:54:41+00:00,2026-07-30T21:54:41+00:00
2026-07-30,KLAX,Los Angeles,77.0,2026-07-30T19:47:35+00:00,2026-07-30T19:47:35+00:00
2026-07-30,KMDW,Chicago,84.2,2026-07-30T18:02:27+00:00,2026-07-30T18:02:27+00:00
2026-07-30,KMIA,Miami,95.0,2026-07-30T18:02:27+00:00,2026-07-30T18:02:27+00:00
2026-07-30,KMSP,Minneapolis,87.8,2026-07-30T19:47:35+00:00,2026-07-30T19:47:35+00:00
2026-07-30,KMSY,New Orleans,95.0,2026-07-30T20:52:18+00:00,2026-07-30T20:52:18+00:00
2026-07-30,KNYC,New York City,73.0,2026-07-30T21:54:41+00:00,2026-07-30T21:54:41+00:00
2026-07-30,KOKC,Oklahoma City,102.2,2026-07-30T21:54:41+00:00,2026-07-30T21:54:41+00:00
2026-07-30,KPHL,Philadelphia,82.4,2026-07-30T21:54:41+00:00,2026-07-30T21:54:41+00:00
2026-07-30,KPHX,Phoenix,111.2,2026-07-30T23:49:04+00:00,2026-07-30T23:49:04+00:00
2026-07-30,KSAT,San Antonio,98.6,2026-07-30T21:54:41+00:00,2026-07-30T21:54:41+00:00
2026-07-30,KSEA,Seattle,78.8,2026-07-31T01:20:57+00:00,2026-07-31T01:20:57+00:00
2026-07-30,KSFO,San Francisco,71.6,2026-07-30T20:52:18+00:00,2026-07-30T20:52:18+00:00
2026-07-31,KATL,Atlanta,91.4,2026-07-31T20:38:50+00:00,2026-07-31T20:38:50+00:00
2026-07-31,KAUS,Austin,98.6,2026-07-31T20:38:50+00:00,2026-07-31T20:38:50+00:00
2026-07-31,KBOS,Boston,75.2,2026-07-31T16:20:37+00:00,2026-07-31T16:20:37+00:00
2026-07-31,KDCA,Washington DC,87.8,2026-07-31T19:18:26+00:00,2026-07-31T19:18:26+00:00
2026-07-31,KDEN,Denver,88.0,2026-07-31T20:38:50+00:00,2026-07-31T20:38:50+00:00
2026-07-31,KDFW,Dallas,102.2,2026-07-31T20:38:50+00:00,2026-07-31T20:38:50+00:00
2026-07-31,KHOU,Houston,95.0,2026-07-31T20:38:50+00:00,2026-07-31T20:38:50+00:00
2026-07-31,KLAS,Las Vegas,113.0,2026-07-31T23:39:10+00:00,2026-07-31T23:39:10+00:00
2026-07-31,KLAX,Los Angeles,78.8,2026-07-31T20:38:50+00:00,2026-07-31T20:38:50+00:00
2026-07-31,KMDW,Chicago,80.6,2026-07-31T16:20:37+00:00,2026-07-31T16:20:37+00:00
2026-07-31,KMIA,Miami,93.2,2026-07-31T17:58:39+00:00,2026-07-31T17:58:39+00:00
2026-07-31,KMSP,Minneapolis,75.2,2026-07-31T07:41:29+00:00,2026-07-31T07:41:29+00:00
2026-07-31,KMSY,New Orleans,95.0,2026-07-31T20:38:50+00:00,2026-07-31T20:38:50+00:00
2026-07-31,KNYC,New York City,82.9,2026-07-31T20:38:50+00:00,2026-07-31T20:38:50+00:00
2026-07-31,KOKC,Oklahoma City,107.6,2026-07-31T21:43:50+00:00,2026-07-31T21:43:50+00:00
2026-07-31,KPHL,Philadelphia,87.8,2026-07-31T19:18:26+00:00,2026-07-31T19:18:26+00:00
2026-07-31,KPHX,Phoenix,114.8,2026-07-31T23:39:10+00:00,2026-07-31T23:39:10+00:00
2026-07-31,KSAT,San Antonio,96.8,2026-07-31T20:38:50+00:00,2026-07-31T20:38:50+00:00
2026-07-31,KSEA,Seattle,82.4,2026-07-31T23:39:10+00:00,2026-07-31T23:39:10+00:00
2026-07-31,KSFO,San Francisco,71.6,2026-07-31T19:18:26+00:00,2026-07-31T19:18:26+00:00
2026-08-01,KATL,Atlanta,86.0,2026-08-01T22:33:41+00:00,2026-08-01T22:33:41+00:00
2026-08-01,KAUS,Austin,95.0,2026-08-01T19:41:31+00:00,2026-08-01T19:41:31+00:00
2026-08-01,KBOS,Boston,84.2,2026-08-01T21:32:19+00:00,2026-08-01T21:32:19+00:00
2026-08-01,KDCA,Washington DC,89.6,2026-08-01T18:28:05+00:00,2026-08-01T18:28:05+00:00
2026-08-01,KDEN,Denver,93.0,2026-08-01T22:33:41+00:00,2026-08-01T22:33:41+00:00
2026-08-01,KDFW,Dallas,96.8,2026-08-01T20:31:20+00:00,2026-08-01T20:31:20+00:00
2026-08-01,KHOU,Houston,93.2,2026-08-01T18:28:05+00:00,2026-08-01T18:28:05+00:00
2026-08-01,KLAS,Las Vegas,114.8,2026-08-01T22:33:41+00:00,2026-08-01T22:33:41+00:00
2026-08-01,KLAX,Los Angeles,80.6,2026-08-01T19:41:31+00:00,2026-08-01T19:41:31+00:00
2026-08-01,KMDW,Chicago,75.2,2026-08-01T18:28:05+00:00,2026-08-01T18:28:05+00:00
2026-08-01,KMIA,Miami,91.4,2026-08-01T16:27:01+00:00,2026-08-01T16:27:01+00:00
2026-08-01,KMSP,Minneapolis,86.0,2026-08-01T19:41:31+00:00,2026-08-01T19:41:31+00:00
2026-08-01,KMSY,New Orleans,95.0,2026-08-01T20:31:20+00:00,2026-08-01T20:31:20+00:00
2026-08-01,KNYC,New York City,84.9,2026-08-01T18:28:05+00:00,2026-08-01T18:28:05+00:00
2026-08-01,KOKC,Oklahoma City,91.4,2026-08-01T20:31:20+00:00,2026-08-01T20:31:20+00:00
2026-08-01,KPHL,Philadelphia,89.6,2026-08-01T19:41:31+00:00,2026-08-01T19:41:31+00:00
2026-08-01,KPHX,Phoenix,114.8,2026-08-01T22:33:41+00:00,2026-08-01T22:33:41+00:00
2026-08-01,KSAT,San Antonio,98.6,2026-08-01T20:31:20+00:00,2026-08-01T20:31:20+00:00
2026-08-01,KSEA,Seattle,71.6,2026-08-01T21:32:19+00:00,2026-08-01T21:32:19+00:00
2026-08-01,KSFO,San Francisco,73.4,2026-08-01T20:31:20+00:00,2026-08-01T20:31:20+00:00
2026-08-02,KATL,Atlanta,91.4,2026-08-02T18:37:50+00:00,2026-08-02T18:37:50+00:00
2026-08-02,KAUS,Austin,100.4,2026-08-02T20:39:29+00:00,2026-08-02T20:39:29+00:00
2026-08-02,KBOS,Boston,84.2,2026-08-02T16:33:27+00:00,2026-08-02T16:33:27+00:00
2026-08-02,KDCA,Washington DC,84.2,2026-08-02T15:33:03+00:00,2026-08-02T15:33:03+00:00
2026-08-02,KDEN,Denver,100.9,2026-08-02T22:34:30+00:00,2026-08-02T22:34:30+00:00
2026-08-02,KDFW,Dallas,95.0,2026-08-02T21:32:19+00:00,2026-08-02T21:32:19+00:00
2026-08-02,KHOU,Houston,98.6,2026-08-02T21:32:19+00:00,2026-08-02T21:32:19+00:00
2026-08-02,KLAS,Las Vegas,113.0,2026-08-02T21:32:19+00:00,2026-08-02T21:32:19+00:00
2026-08-02,KLAX,Los Angeles,78.8,2026-08-02T17:41:10+00:00,2026-08-02T17:41:10+00:00
2026-08-02,KMDW,Chicago,75.2,2026-08-02T22:34:30+00:00,2026-08-02T22:34:30+00:00
2026-08-02,KMIA,Miami,89.6,2026-08-02T16:33:27+00:00,2026-08-02T16:33:27+00:00
2026-08-02,KMSP,Minneapolis,84.2,2026-08-02T21:32:19+00:00,2026-08-02T21:32:19+00:00
2026-08-02,KMSY,New Orleans,84.2,2026-08-02T23:37:28+00:00,2026-08-02T23:37:28+00:00
2026-08-02,KNYC,New York City,81.0,2026-08-02T17:41:10+00:00,2026-08-02T17:41:10+00:00
2026-08-02,KOKC,Oklahoma City,91.4,2026-08-02T19:49:23+00:00,2026-08-02T19:49:23+00:00
2026-08-02,KPHL,Philadelphia,89.6,2026-08-02T17:41:10+00:00,2026-08-02T17:41:10+00:00
2026-08-02,KPHX,Phoenix,114.8,2026-08-02T23:37:28+00:00,2026-08-02T23:37:28+00:00
2026-08-02,KSAT,San Antonio,98.1,2026-08-02T22:34:30+00:00,2026-08-02T22:34:30+00:00
2026-08-02,KSEA,Seattle,69.8,2026-08-02T21:32:19+00:00,2026-08-02T21:32:19+00:00
2026-08-02,KSFO,San Francisco,78.8,2026-08-02T21:32:19+00:00,2026-08-02T21:32:19+00:00
2026-08-03,KATL,Atlanta,86.0,2026-08-03T21:54:21+00:00,2026-08-03T21:54:21+00:00
2026-08-03,KAUS,Austin,100.4,2026-08-03T20:53:08+00:00,2026-08-03T20:53:08+00:00
2026-08-03,KBOS,Boston,78.8,2026-08-03T21:54:21+00:00,2026-08-03T21:54:21+00:00
2026-08-03,KDCA,Washington DC,87.8,2026-08-03T21:54:21+00:00,2026-08-03T21:54:21+00:00
2026-08-03,KDEN,Denver,99.0,2026-08-03T19:56:01+00:00,2026-08-03T19:56:01+00:00
2026-08-03,KDFW,Dallas,98.6,2026-08-03T19:56:01+00:00,2026-08-03T19:56:01+00:00
2026-08-03,KHOU,Houston,96.8,2026-08-03T19:56:01+00:00,2026-08-03T19:56:01+00:00
2026-08-03,KLAS,Las Vegas,113.0,2026-08-03T21:54:21+00:00,2026-08-03T21:54:21+00:00
2026-08-03,KLAX,Los Angeles,77.0,2026-08-03T19:56:01+00:00,2026-08-03T19:56:01+00:00
2026-08-03,KMDW,Chicago,80.6,2026-08-03T19:56:01+00:00,2026-08-03T19:56:01+00:00
2026-08-03,KMIA,Miami,89.6,2026-08-03T16:25:17+00:00,2026-08-03T16:25:17+00:00
2026-08-03,KMSP,Minneapolis,86.0,2026-08-03T19:56:01+00:00,2026-08-03T19:56:01+00:00
2026-08-03,KMSY,New Orleans,91.4,2026-08-03T19:56:01+00:00,2026-08-03T19:56:01+00:00
2026-08-03,KNYC,New York City,80.1,2026-08-03T22:45:41+00:00,2026-08-03T22:45:41+00:00
2026-08-03,KOKC,Oklahoma City,98.6,2026-08-03T20:53:08+00:00,2026-08-03T20:53:08+00:00
2026-08-03,KPHL,Philadelphia,89.6,2026-08-03T20:53:08+00:00,2026-08-03T20:53:08+00:00
2026-08-03,KPHX,Phoenix,114.8,2026-08-03T20:53:08+00:00,2026-08-03T20:53:08+00:00
2026-08-03,KSAT,San Antonio,98.6,2026-08-03T19:56:01+00:00,2026-08-03T19:56:01+00:00
2026-08-03,KSEA,Seattle,75.2,2026-08-04T01:21:25+00:00,2026-08-04T01:21:25+00:00
2026-08-03,KSFO,San Francisco,75.2,2026-08-03T21:54:21+00:00,2026-08-03T21:54:21+00:00
2026-08-04,KATL,Atlanta,84.2,2026-08-04T21:34:35+00:00,2026-08-04T21:34:35+00:00
2026-08-04,KAUS,Austin,100.4,2026-08-04T21:34:35+00:00,2026-08-04T21:34:35+00:00
2026-08-04,KBOS,Boston,86.0,2026-08-04T20:04:02+00:00,2026-08-04T20:04:02+00:00
2026-08-04,KDCA,Washington DC,87.8,2026-08-04T20:04:02+00:00,2026-08-04T20:04:02+00:00
2026-08-04,KDEN,Denver,72.0,2026-08-04T22:41:05+00:00,2026-08-04T22:41:05+00:00
2026-08-04,KDFW,Dallas,100.4,2026-08-04T21:34:35+00:00,2026-08-04T21:34:35+00:00
2026-08-04,KHOU,Houston,95.0,2026-08-04T21:34:35+00:00,2026-08-04T21:34:35+00:00
2026-08-04,KLAS,Las Vegas,111.2,2026-08-04T21:34:35+00:00,2026-08-04T21:34:35+00:00
2026-08-04,KLAX,Los Angeles,75.2,2026-08-04T18:18:03+00:00,2026-08-04T18:18:03+00:00
2026-08-04,KMDW,Chicago,84.2,2026-08-04T20:04:02+00:00,2026-08-04T20:04:02+00:00
2026-08-04,KMIA,Miami,89.6,2026-08-04T16:44:33+00:00,2026-08-04T16:44:33+00:00
2026-08-04,KMSP,Minneapolis,75.2,2026-08-04T07:20:41+00:00,2026-08-04T07:20:41+00:00
2026-08-04,KMSY,New Orleans,93.2,2026-08-04T20:04:02+00:00,2026-08-04T20:04:02+00:00
2026-08-04,KNYC,New York City,84.0,2026-08-04T18:18:03+00:00,2026-08-04T18:18:03+00:00
2026-08-04,KOKC,Oklahoma City,102.2,2026-08-04T20:04:02+00:00,2026-08-04T20:04:02+00:00
2026-08-04,KPHL,Philadelphia,89.6,2026-08-04T20:04:02+00:00,2026-08-04T20:04:02+00:00
2026-08-04,KPHX,Phoenix,107.6,2026-08-05T01:01:11+00:00,2026-08-05T01:01:11+00:00
2026-08-04,KSAT,San Antonio,96.8,2026-08-04T21:34:35+00:00,2026-08-04T21:34:35+00:00
2026-08-04,KSEA,Seattle,80.6,2026-08-05T01:01:11+00:00,2026-08-05T01:01:11+00:00
2026-08-04,KSFO,San Francisco,73.4,2026-08-04T21:34:35+00:00,2026-08-04T21:34:35+00:00
2026-08-05,KATL,Atlanta,87.8,2026-08-05T18:45:55+00:00,2026-08-05T18:45:55+00:00
2026-08-05,KAUS,Austin,100.4,2026-08-05T21:39:04+00:00,2026-08-05T21:39:04+00:00
2026-08-05,KBOS,Boston,87.8,2026-08-05T20:18:58+00:00,2026-08-05T20:18:58+00:00
2026-08-05,KDCA,Washington DC,89.6,2026-08-05T20:18:58+00:00,2026-08-05T20:18:58+00:00
2026-08-05,KDEN,Denver,84.02,2026-08-05T23:34:31+00:00,2026-08-05T22:53:00+00:00
2026-08-05,KDFW,Dallas,100.0,2026-08-05T20:18:58+00:00,2026-08-05T20:18:58+00:00
2026-08-05,KHOU,Houston,96.8,2026-08-05T21:39:04+00:00,2026-08-05T21:39:04+00:00
2026-08-05,KLAS,Las Vegas,111.2,2026-08-05T21:39:04+00:00,2026-08-05T21:39:04+00:00
2026-08-05,KLAX,Los Angeles,77.0,2026-08-05T23:34:31+00:00,2026-08-05T23:10:00+00:00
2026-08-05,KMDW,Chicago,82.4,2026-08-05T17:07:44+00:00,2026-08-05T17:07:44+00:00
2026-08-05,KMIA,Miami,89.6,2026-08-05T17:07:44+00:00,2026-08-05T17:07:44+00:00
2026-08-05,KMSP,Minneapolis,78.8,2026-08-05T20:18:58+00:00,2026-08-05T20:18:58+00:00
2026-08-05,KMSY,New Orleans,91.4,2026-08-05T17:07:44+00:00,2026-08-05T17:07:44+00:00
2026-08-05,KNYC,New York City,81.0,2026-08-05T17:07:44+00:00,2026-08-05T17:07:44+00:00
2026-08-05,KOKC,Oklahoma City,102.2,2026-08-05T20:18:58+00:00,2026-08-05T20:18:58+00:00
2026-08-05,KPHL,Philadelphia,84.2,2026-08-05T20:18:58+00:00,2026-08-05T20:18:58+00:00
2026-08-05,KPHX,Phoenix,104.0,2026-08-05T22:29:46+00:00,2026-08-05T22:15:00+00:00
2026-08-05,KSAT,San Antonio,96.8,2026-08-05T21:39:04+00:00,2026-08-05T21:39:04+00:00
2026-08-05,KSEA,Seattle,87.8,2026-08-06T01:00:46+00:00,2026-08-06T00:35:00+00:00
2026-08-05,KSFO,San Francisco,71.59,2026-08-05T22:29:46+00:00,2026-08-05T22:10:00+00:00
2026-08-06,KATL,Atlanta,80.59,2026-08-06T16:08:32+00:00,2026-08-06T15:45:00+00:00
2026-08-06,KAUS,Austin,95.0,2026-08-07T00:34:30+00:00,2026-08-07T00:10:00+00:00
2026-08-06,KBOS,Boston,84.2,2026-08-06T16:08:32+00:00,2026-08-06T15:45:00+00:00
2026-08-06,KDCA,Washington DC,87.8,2026-08-06T16:08:32+00:00,2026-08-06T15:45:00+00:00
2026-08-06,KDEN,Denver,93.91,2026-08-07T00:34:30+00:00,2026-08-06T23:53:00+00:00
2026-08-06,KDFW,Dallas,96.8,2026-08-07T00:34:30+00:00,2026-08-07T00:15:00+00:00
2026-08-06,KHOU,Houston,89.6,2026-08-06T16:08:32+00:00,2026-08-06T15:45:00+00:00
2026-08-06,KLAS,Las Vegas,107.6,2026-08-07T00:34:30+00:00,2026-08-07T00:20:00+00:00
2026-08-06,KLAX,Los Angeles,75.2,2026-08-07T00:34:30+00:00,2026-08-07T00:15:00+00:00
2026-08-06,KMDW,Chicago,78.8,2026-08-07T00:34:30+00:00,2026-08-07T00:15:00+00:00
2026-08-06,KMIA,Miami,87.8,2026-08-06T16:08:32+00:00,2026-08-06T15:45:00+00:00
2026-08-06,KMSP,Minneapolis,78.8,2026-08-07T00:34:30+00:00,2026-08-07T00:10:00+00:00
2026-08-06,KMSY,New Orleans,87.8,2026-08-06T15:39:21+00:00,2026-08-06T15:20:00+00:00
2026-08-06,KNYC,New York City,84.91,2026-08-07T00:34:30+00:00,2026-08-06T23:51:00+00:00
2026-08-06,KOKC,Oklahoma City,96.8,2026-08-07T00:34:30+00:00,2026-08-07T00:15:00+00:00
2026-08-06,KPHL,Philadelphia,87.8,2026-08-06T15:39:21+00:00,2026-08-06T15:25:00+00:00
2026-08-06,KPHX,Phoenix,104.0,2026-08-07T00:34:30+00:00,2026-08-07T00:20:00+00:00
2026-08-06,KSAT,San Antonio,96.8,2026-08-07T00:34:30+00:00,2026-08-07T00:15:00+00:00
2026-08-06,KSEA,Seattle,87.8,2026-08-07T00:34:30+00:00,2026-08-07T00:10:00+00:00
2026-08-06,KSFO,San Francisco,66.2,2026-08-07T00:34:30+00:00,2026-08-07T00:15:00+00:00
2026-08-07,KATL,Atlanta,86.0,2026-08-07T21:20:07+00:00,2026-08-07T21:05:00+00:00
2026-08-07,KAUS,Austin,98.6,2026-08-07T19:57:26+00:00,2026-08-07T19:35:00+00:00
2026-08-07,KBOS,Boston,93.2,2026-08-07T19:11:55+00:00,2026-08-07T18:50:00+00:00
2026-08-07,KDCA,Washington DC,91.4,2026-08-07T19:57:26+00:00,2026-08-07T19:35:00+00:00
2026-08-07,KDEN,Denver,93.91,2026-08-07T22:51:39+00:00,2026-08-07T21:53:00+00:00
2026-08-07,KDFW,Dallas,100.4,2026-08-07T20:32:18+00:00,2026-08-07T20:10:00+00:00
2026-08-07,KHOU,Houston,93.2,2026-08-07T19:11:55+00:00,2026-08-07T18:45:00+00:00
2026-08-07,KLAS,Las Vegas,107.6,2026-08-07T21:20:07+00:00,2026-08-07T21:00:00+00:00
2026-08-07,KLAX,Los Angeles,78.8,2026-08-07T19:11:55+00:00,2026-08-07T18:45:00+00:00
2026-08-07,KMDW,Chicago,84.2,2026-08-07T19:11:55+00:00,2026-08-07T18:45:00+00:00
2026-08-07,KMIA,Miami,89.6,2026-08-07T16:30:19+00:00,2026-08-07T16:10:00+00:00
2026-08-07,KMSP,Minneapolis,80.59,2026-08-07T21:20:07+00:00,2026-08-07T21:10:00+00:00
2026-08-07,KMSY,New Orleans,91.4,2026-08-07T17:29:42+00:00,2026-08-07T17:10:00+00:00
2026-08-07,KNYC,New York City,89.06,2026-08-07T17:29:42+00:00,2026-08-07T16:51:00+00:00
2026-08-07,KOKC,Oklahoma City,96.8,2026-08-07T17:29:42+00:00,2026-08-07T17:10:00+00:00
2026-08-07,KPHL,Philadelphia,93.2,2026-08-07T19:11:55+00:00,2026-08-07T18:50:00+00:00
2026-08-07,KPHX,Phoenix,109.4,2026-08-07T23:21:13+00:00,2026-08-07T23:00:00+00:00
2026-08-07,KSAT,San Antonio,98.6,2026-08-07T22:00:54+00:00,2026-08-07T21:35:00+00:00
2026-08-07,KSEA,Seattle,84.2,2026-08-07T22:51:39+00:00,2026-08-07T22:35:00+00:00
2026-08-07,KSFO,San Francisco,66.2,2026-08-07T19:57:26+00:00,2026-08-07T19:35:00+00:00
2026-08-08,KATL,Atlanta,91.4,2026-08-08T20:25:47+00:00,2026-08-08T20:05:00+00:00
2026-08-08,KAUS,Austin,98.6,2026-08-08T22:45:10+00:00,2026-08-08T22:20:00+00:00
2026-08-08,KBOS,Boston,91.4,2026-08-08T19:40:36+00:00,2026-08-08T19:15:00+00:00
2026-08-08,KDCA,Washington DC,93.2,2026-08-08T18:16:55+00:00,2026-08-08T17:50:00+00:00
2026-08-08,KDEN,Denver,98.06,2026-08-08T20:25:47+00:00,2026-08-08T19:53:00+00:00
2026-08-08,KDFW,Dallas,100.4,2026-08-08T19:40:36+00:00,2026-08-08T19:15:00+00:00
2026-08-08,KHOU,Houston,93.2,2026-08-08T21:16:42+00:00,2026-08-08T21:05:00+00:00
2026-08-08,KLAS,Las Vegas,111.2,2026-08-08T21:16:42+00:00,2026-08-08T20:50:00+00:00
2026-08-08,KLAX,Los Angeles,78.8,2026-08-08T19:04:43+00:00,2026-08-08T18:40:00+00:00
2026-08-08,KMDW,Chicago,84.2,2026-08-08T19:40:36+00:00,2026-08-08T19:25:00+00:00
2026-08-08,KMIA,Miami,91.4,2026-08-08T16:57:47+00:00,2026-08-08T16:35:00+00:00
2026-08-08,KMSP,Minneapolis,80.59,2026-08-08T19:04:43+00:00,2026-08-08T18:35:00+00:00
2026-08-08,KMSY,New Orleans,89.6,2026-08-08T17:23:16+00:00,2026-08-08T17:10:00+00:00
2026-08-08,KNYC,New York City,87.08,2026-08-08T19:40:36+00:00,2026-08-08T18:51:00+00:00
2026-08-08,KOKC,Oklahoma City,104.0,2026-08-08T21:51:30+00:00,2026-08-08T21:30:00+00:00
2026-08-08,KPHL,Philadelphia,91.4,2026-08-08T17:53:21+00:00,2026-08-08T17:35:00+00:00
2026-08-08,KPHX,Phoenix,111.2,2026-08-08T21:51:30+00:00,2026-08-08T21:35:00+00:00
2026-08-08,KSAT,San Antonio,96.8,2026-08-08T21:51:30+00:00,2026-08-08T21:30:00+00:00
2026-08-08,KSEA,Seattle,82.4,2026-08-08T23:44:41+00:00,2026-08-08T23:20:00+00:00
2026-08-08,KSFO,San Francisco,66.2,2026-08-08T20:54:31+00:00,2026-08-08T20:35:00+00:00
2026-08-09,KATL,Atlanta,91.4,2026-08-09T19:26:06+00:00,2026-08-09T19:05:00+00:00
2026-08-09,KAUS,Austin,98.6,2026-08-09T21:54:12+00:00,2026-08-09T21:30:00+00:00
2026-08-09,KBOS,Boston,89.6,2026-08-09T17:43:53+00:00,2026-08-09T17:25:00+00:00
2026-08-09,KDCA,Washington DC,93.2,2026-08-09T19:26:06+00:00,2026-08-09T19:05:00+00:00
2026-08-09,KDEN,Denver,96.08,2026-08-09T18:57:10+00:00,2026-08-09T17:53:00+00:00
2026-08-09,KDFW,Dallas,100.4,2026-08-09T21:24:00+00:00,2026-08-09T21:10:00+00:00
2026-08-09,KHOU,Houston,93.2,2026-08-09T19:53:17+00:00,2026-08-09T19:30:00+00:00
2026-08-09,KLAS,Las Vegas,109.4,2026-08-09T20:15:58+00:00,2026-08-09T20:00:00+00:00
2026-08-09,KLAX,Los Angeles,80.59,2026-08-09T22:54:56+00:00,2026-08-09T22:35:00+00:00
2026-08-09,KMDW,Chicago,86.0,2026-08-09T17:43:53+00:00,2026-08-09T17:20:00+00:00
2026-08-09,KMIA,Miami,91.4,2026-08-09T16:17:39+00:00,2026-08-09T15:50:00+00:00
2026-08-09,KMSP,Minneapolis,86.0,2026-08-09T21:24:00+00:00,2026-08-09T21:00:00+00:00
2026-08-09,KMSY,New Orleans,87.8,2026-08-09T15:53:16+00:00,2026-08-09T15:30:00+00:00
2026-08-09,KNYC,New York City,87.08,2026-08-09T17:43:53+00:00,2026-08-09T16:51:00+00:00
2026-08-09,KOKC,Oklahoma City,102.2,2026-08-09T19:53:17+00:00,2026-08-09T19:30:00+00:00
2026-08-09,KPHL,Philadelphia,93.2,2026-08-09T19:26:06+00:00,2026-08-09T19:05:00+00:00
2026-08-09,KPHX,Phoenix,111.2,2026-08-09T23:17:21+00:00,2026-08-09T23:00:00+00:00
2026-08-09,KSAT,San Antonio,96.8,2026-08-09T21:54:12+00:00,2026-08-09T21:25:00+00:00
2026-08-09,KSEA,Seattle,77.0,2026-08-09T22:15:13+00:00,2026-08-09T21:50:00+00:00
2026-08-09,KSFO,San Francisco,71.59,2026-08-09T20:57:39+00:00,2026-08-09T20:35:00+00:00
2026-08-10,KATL,Atlanta,93.2,2026-08-10T19:59:26+00:00,2026-08-10T19:35:00+00:00
2026-08-10,KAUS,Austin,96.8,2026-08-10T20:39:46+00:00,2026-08-10T20:15:00+00:00
2026-08-10,KBOS,Boston,84.2,2026-08-10T22:53:11+00:00,2026-08-10T22:35:00+00:00
2026-08-10,KDCA,Washington DC,93.2,2026-08-10T19:59:26+00:00,2026-08-10T19:35:00+00:00
2026-08-10,KDEN,Denver,93.02,2026-08-10T19:12:05+00:00,2026-08-10T18:53:00+00:00
2026-08-10,KDFW,Dallas,98.6,2026-08-10T20:39:46+00:00,2026-08-10T20:15:00+00:00
2026-08-10,KHOU,Houston,86.0,2026-08-10T14:40:44+00:00,2026-08-10T14:20:00+00:00
2026-08-10,KLAS,Las Vegas,104.0,2026-08-10T21:23:55+00:00,2026-08-10T21:05:00+00:00
2026-08-10,KLAX,Los Angeles,78.8,2026-08-10T19:12:05+00:00,2026-08-10T18:50:00+00:00
2026-08-10,KMDW,Chicago,87.8,2026-08-10T19:12:05+00:00,2026-08-10T18:50:00+00:00
2026-08-10,KMIA,Miami,91.4,2026-08-10T16:28:02+00:00,2026-08-10T16:10:00+00:00
2026-08-10,KMSP,Minneapolis,84.2,2026-08-10T19:59:26+00:00,2026-08-10T19:40:00+00:00
2026-08-10,KMSY,New Orleans,91.4,2026-08-10T19:59:26+00:00,2026-08-10T19:35:00+00:00
2026-08-10,KNYC,New York City,84.91,2026-08-10T19:12:05+00:00,2026-08-10T18:51:00+00:00
2026-08-10,KOKC,Oklahoma City,102.2,2026-08-10T22:02:44+00:00,2026-08-10T21:40:00+00:00
2026-08-10,KPHL,Philadelphia,91.04,2026-08-10T19:12:05+00:00,2026-08-10T18:54:00+00:00
2026-08-10,KPHX,Phoenix,107.6,2026-08-10T23:22:05+00:00,2026-08-10T23:00:00+00:00
2026-08-10,KSAT,San Antonio,98.6,2026-08-10T21:23:55+00:00,2026-08-10T21:10:00+00:00
2026-08-10,KSEA,Seattle,73.4,2026-08-10T23:55:42+00:00,2026-08-10T23:30:00+00:00
2026-08-10,KSFO,San Francisco,73.4,2026-08-10T21:23:55+00:00,2026-08-10T21:05:00+00:00
2026-08-11,KATL,Atlanta,91.4,2026-08-11T18:04:02+00:00,2026-08-11T17:35:00+00:00
2026-08-11,KAUS,Austin,100.4,2026-08-11T21:00:28+00:00,2026-08-11T20:35:00+00:00
2026-08-11,KBOS,Boston,87.8,2026-08-11T19:16:59+00:00,2026-08-11T19:00:00+00:00
2026-08-11,KDCA,Washington DC,89.6,2026-08-11T21:00:28+00:00,2026-08-11T20:35:00+00:00
2026-08-11,KDEN,Denver,95.0,2026-08-11T21:00:28+00:00,2026-08-11T19:53:00+00:00
2026-08-11,KDFW,Dallas,98.6,2026-08-11T20:07:55+00:00,2026-08-11T19:35:00+00:00
2026-08-11,KHOU,Houston,91.4,2026-08-11T18:04:02+00:00,2026-08-11T17:35:00+00:00
2026-08-11,KLAS,Las Vegas,100.4,2026-08-12T00:04:02+00:00,2026-08-11T23:40:00+00:00
2026-08-11,KLAX,Los Angeles,78.8,2026-08-11T18:04:02+00:00,2026-08-11T17:25:00+00:00
2026-08-11,KMDW,Chicago,80.59,2026-08-11T22:40:21+00:00,2026-08-11T22:20:00+00:00
2026-08-11,KMIA,Miami,93.2,2026-08-11T19:16:59+00:00,2026-08-11T19:00:00+00:00
2026-08-11,KMSP,Minneapolis,87.8,2026-08-11T19:16:59+00:00,2026-08-11T19:05:00+00:00
2026-08-11,KMSY,New Orleans,93.2,2026-08-11T19:16:59+00:00,2026-08-11T19:05:00+00:00
2026-08-11,KNYC,New York City,82.94,2026-08-11T19:16:59+00:00,2026-08-11T17:51:00+00:00
2026-08-11,KOKC,Oklahoma City,102.2,2026-08-11T21:00:28+00:00,2026-08-11T20:35:00+00:00
2026-08-11,KPHL,Philadelphia,87.8,2026-08-11T17:09:43+00:00,2026-08-11T16:40:00+00:00
2026-08-11,KPHX,Phoenix,102.2,2026-08-11T22:40:21+00:00,2026-08-11T22:20:00+00:00
2026-08-11,KSAT,San Antonio,98.6,2026-08-11T20:07:55+00:00,2026-08-11T19:45:00+00:00
2026-08-11,KSEA,Seattle,78.8,2026-08-12T00:04:02+00:00,2026-08-11T23:35:00+00:00
2026-08-11,KSFO,San Francisco,73.4,2026-08-11T21:59:51+00:00,2026-08-11T21:40:00+00:00
2026-08-12,KATL,Atlanta,91.4,2026-08-12T19:44:44+00:00,2026-08-12T19:20:00+00:00
2026-08-12,KAUS,Austin,102.2,2026-08-12T22:36:13+00:00,2026-08-12T22:10:00+00:00
2026-08-12,KBOS,Boston,82.4,2026-08-12T17:37:16+00:00,2026-08-12T17:25:00+00:00
2026-08-12,KDCA,Washington DC,86.0,2026-08-12T17:37:16+00:00,2026-08-12T17:25:00+00:00
2026-08-12,KDEN,Denver,95.0,2026-08-12T20:22:24+00:00,2026-08-12T19:53:00+00:00
2026-08-12,KDFW,Dallas,102.2,2026-08-12T21:58:41+00:00,2026-08-12T21:35:00+00:00
2026-08-12,KHOU,Houston,95.0,2026-08-12T19:44:44+00:00,2026-08-12T19:20:00+00:00
2026-08-12,KLAS,Las Vegas,98.6,2026-08-12T20:22:24+00:00,2026-08-12T20:05:00+00:00
2026-08-12,KLAX,Los Angeles,77.0,2026-08-12T20:22:24+00:00,2026-08-12T20:05:00+00:00
2026-08-12,KMDW,Chicago,82.4,2026-08-12T20:22:24+00:00,2026-08-12T20:10:00+00:00
2026-08-12,KMIA,Miami,93.2,2026-08-12T17:37:16+00:00,2026-08-12T17:10:00+00:00
2026-08-12,KMSP,Minneapolis,87.8,2026-08-12T19:44:44+00:00,2026-08-12T19:20:00+00:00
2026-08-12,KMSY,New Orleans,93.2,2026-08-12T17:37:16+00:00,2026-08-12T17:20:00+00:00
2026-08-12,KNYC,New York City,82.94,2026-08-12T18:31:52+00:00,2026-08-12T17:51:00+00:00
2026-08-12,KOKC,Oklahoma City,102.2,2026-08-12T20:22:24+00:00,2026-08-12T20:10:00+00:00
2026-08-12,KPHL,Philadelphia,89.6,2026-08-12T19:44:44+00:00,2026-08-12T19:20:00+00:00
2026-08-12,KPHX,Phoenix,100.4,2026-08-12T21:58:41+00:00,2026-08-12T21:35:00+00:00
2026-08-12,KSAT,San Antonio,100.4,2026-08-12T21:58:41+00:00,2026-08-12T21:35:00+00:00
2026-08-12,KSEA,Seattle,78.8,2026-08-12T23:21:02+00:00,2026-08-12T23:00:00+00:00
2026-08-12,KSFO,San Francisco,73.4,2026-08-12T21:58:41+00:00,2026-08-12T21:35:00+00:00
2026-08-13,KATL,Atlanta,95.0,2026-08-13T18:33:41+00:00,2026-08-13T18:10:00+00:00
2026-08-13,KAUS,Austin,100.4,2026-08-13T19:40:54+00:00,2026-08-13T19:20:00+00:00
2026-08-13,KBOS,Boston,84.2,2026-08-13T17:37:24+00:00,2026-08-13T17:20:00+00:00
2026-08-13,KDCA,Washington DC,89.6,2026-08-13T19:40:54+00:00,2026-08-13T19:20:00+00:00
2026-08-13,KDEN,Denver,80.06,2026-08-13T20:17:42+00:00,2026-08-13T19:53:00+00:00
2026-08-13,KDFW,Dallas,100.4,2026-08-13T19:40:54+00:00,2026-08-13T19:15:00+00:00
2026-08-13,KHOU,Houston,96.8,2026-08-13T21:08:53+00:00,2026-08-13T20:45:00+00:00
2026-08-13,KLAS,Las Vegas,89.6,2026-08-13T19:40:54+00:00,2026-08-13T19:25:00+00:00
2026-08-13,KLAX,Los Angeles,77.0,2026-08-13T21:08:53+00:00,2026-08-13T20:50:00+00:00
2026-08-13,KMDW,Chicago,77.0,2026-08-13T17:37:24+00:00,2026-08-13T17:20:00+00:00
2026-08-13,KMIA,Miami,93.2,2026-08-13T16:30:50+00:00,2026-08-13T16:10:00+00:00
2026-08-13,KMSP,Minneapolis,78.8,2026-08-13T19:40:54+00:00,2026-08-13T19:15:00+00:00
2026-08-13,KMSY,New Orleans,95.0,2026-08-13T20:17:42+00:00,2026-08-13T19:53:00+00:00
2026-08-13,KNYC,New York City,84.02,2026-08-13T21:08:53+00:00,2026-08-13T19:51:00+00:00
2026-08-13,KOKC,Oklahoma City,105.8,2026-08-13T20:17:42+00:00,2026-08-13T20:05:00+00:00
2026-08-13,KPHL,Philadelphia,89.6,2026-08-13T19:40:54+00:00,2026-08-13T19:20:00+00:00
2026-08-13,KPHX,Phoenix,100.4,2026-08-13T21:58:17+00:00,2026-08-13T21:35:00+00:00
2026-08-13,KSAT,San Antonio,100.4,2026-08-13T21:08:53+00:00,2026-08-13T20:45:00+00:00
2026-08-13,KSEA,Seattle,80.59,2026-08-13T23:22:25+00:00,2026-08-13T23:00:00+00:00
2026-08-13,KSFO,San Francisco,71.59,2026-08-13T22:35:35+00:00,2026-08-13T22:10:00+00:00
2026-08-14,KATL,Atlanta,93.2,2026-08-14T17:08:41+00:00,2026-08-14T16:45:00+00:00
2026-08-14,KAUS,Austin,98.6,2026-08-14T19:52:52+00:00,2026-08-14T19:35:00+00:00
2026-08-14,KBOS,Boston,82.4,2026-08-14T19:09:48+00:00,2026-08-14T18:45:00+00:00
2026-08-14,KDCA,Washington DC,84.2,2026-08-14T20:18:10+00:00,2026-08-14T19:50:00+00:00
2026-08-14,KDEN,Denver,86.0,2026-08-14T19:52:52+00:00,2026-08-14T18:53:00+00:00
2026-08-14,KDFW,Dallas,102.2,2026-08-14T21:37:50+00:00,2026-08-14T21:20:00+00:00
2026-08-14,KHOU,Houston,93.2,2026-08-14T19:09:48+00:00,2026-08-14T18:45:00+00:00
2026-08-14,KLAS,Las Vegas,96.8,2026-08-14T19:52:52+00:00,2026-08-14T19:35:00+00:00
2026-08-14,KLAX,Los Angeles,78.8,2026-08-14T19:52:52+00:00,2026-08-14T19:35:00+00:00
2026-08-14,KMDW,Chicago,78.8,2026-08-14T19:09:48+00:00,2026-08-14T18:50:00+00:00
2026-08-14,KMIA,Miami,93.2,2026-08-14T18:02:13+00:00,2026-08-14T17:40:00+00:00
2026-08-14,KMSP,Minneapolis,82.4,2026-08-14T19:52:52+00:00,2026-08-14T19:35:00+00:00
2026-08-14,KMSY,New Orleans,93.2,2026-08-14T19:09:48+00:00,2026-08-14T18:45:00+00:00
2026-08-14,KNYC,New York City,84.02,2026-08-14T19:09:48+00:00,2026-08-14T17:51:00+00:00
2026-08-14,KOKC,Oklahoma City,105.8,2026-08-14T21:55:25+00:00,2026-08-14T21:35:00+00:00
2026-08-14,KPHL,Philadelphia,89.6,2026-08-14T19:52:52+00:00,2026-08-14T19:30:00+00:00
2026-08-14,KPHX,Phoenix,98.6,2026-08-14T20:18:10+00:00,2026-08-14T20:00:00+00:00
2026-08-14,KSAT,San Antonio,96.8,2026-08-14T19:09:48+00:00,2026-08-14T18:45:00+00:00
2026-08-14,KSEA,Seattle,77.0,2026-08-15T00:39:31+00:00,2026-08-15T00:20:00+00:00
2026-08-14,KSFO,San Francisco,69.8,2026-08-14T21:55:25+00:00,2026-08-14T21:35:00+00:00
2026-08-15,KATL,Atlanta,96.8,2026-08-15T21:53:54+00:00,2026-08-15T21:30:00+00:00
2026-08-15,KAUS,Austin,102.2,2026-08-15T21:53:54+00:00,2026-08-15T21:30:00+00:00
2026-08-15,KBOS,Boston,75.2,2026-08-15T17:11:39+00:00,2026-08-15T16:55:00+00:00
2026-08-15,KDCA,Washington DC,89.6,2026-08-15T18:44:21+00:00,2026-08-15T18:25:00+00:00
2026-08-15,KDEN,Denver,80.06,2026-08-15T19:30:47+00:00,2026-08-15T18:53:00+00:00
2026-08-15,KDFW,Dallas,100.4,2026-08-15T20:07:36+00:00,2026-08-15T19:45:00+00:00
2026-08-15,KHOU,Houston,96.8,2026-08-15T19:52:12+00:00,2026-08-15T19:35:00+00:00
2026-08-15,KLAS,Las Vegas,87.8,2026-08-15T19:52:12+00:00,2026-08-15T19:30:00+00:00
2026-08-15,KLAX,Los Angeles,77.0,2026-08-15T20:55:49+00:00,2026-08-15T20:35:00+00:00
2026-08-15,KMDW,Chicago,80.59,2026-08-15T19:02:43+00:00,2026-08-15T18:40:00+00:00
2026-08-15,KMIA,Miami,93.2,2026-08-15T19:02:43+00:00,2026-08-15T18:40:00+00:00
2026-08-15,KMSP,Minneapolis,80.59,2026-08-15T21:32:37+00:00,2026-08-15T21:10:00+00:00
2026-08-15,KMSY,New Orleans,96.8,2026-08-15T20:55:49+00:00,2026-08-15T20:35:00+00:00
2026-08-15,KNYC,New York City,82.94,2026-08-15T19:30:47+00:00,2026-08-15T18:51:00+00:00
2026-08-15,KOKC,Oklahoma City,102.2,2026-08-15T20:35:30+00:00,2026-08-15T20:10:00+00:00
2026-08-15,KPHL,Philadelphia,89.6,2026-08-15T19:30:47+00:00,2026-08-15T19:10:00+00:00
2026-08-15,KPHX,Phoenix,105.8,2026-08-15T22:34:37+00:00,2026-08-15T22:20:00+00:00
2026-08-15,KSAT,San Antonio,100.4,2026-08-15T21:10:24+00:00,2026-08-15T20:45:00+00:00
2026-08-15,KSEA,Seattle,75.2,2026-08-16T00:27:04+00:00,2026-08-16T00:05:00+00:00
2026-08-15,KSFO,San Francisco,69.8,2026-08-15T21:53:54+00:00,2026-08-15T21:35:00+00:00
2026-08-16,KATL,Atlanta,95.0,2026-08-16T19:43:59+00:00,2026-08-16T19:20:00+00:00
2026-08-16,KAUS,Austin,100.4,2026-08-16T20:54:43+00:00,2026-08-16T20:25:00+00:00
2026-08-16,KBOS,Boston,80.59,2026-08-16T21:07:18+00:00,2026-08-16T20:45:00+00:00
2026-08-16,KDCA,Washington DC,80.59,2026-08-16T21:52:54+00:00,2026-08-16T21:35:00+00:00
2026-08-16,KDEN,Denver,80.95,2026-08-16T21:31:59+00:00,2026-08-16T20:53:00+00:00
2026-08-16,KDFW,Dallas,104.0,2026-08-16T21:52:54+00:00,2026-08-16T21:30:00+00:00
2026-08-16,KHOU,Houston,95.0,2026-08-16T20:54:43+00:00,2026-08-16T20:30:00+00:00
2026-08-16,KLAS,Las Vegas,100.4,2026-08-16T21:31:59+00:00,2026-08-16T21:20:00+00:00
2026-08-16,KLAX,Los Angeles,75.2,2026-08-16T19:46:34+00:00,2026-08-16T19:30:00+00:00
2026-08-16,KMDW,Chicago,86.0,2026-08-16T21:07:18+00:00,2026-08-16T20:40:00+00:00
2026-08-16,KMIA,Miami,93.2,2026-08-16T17:32:34+00:00,2026-08-16T17:10:00+00:00
2026-08-16,KMSP,Minneapolis,82.4,2026-08-16T20:06:11+00:00,2026-08-16T19:40:00+00:00
2026-08-16,KMSY,New Orleans,96.8,2026-08-16T20:54:43+00:00,2026-08-16T20:35:00+00:00
2026-08-16,KNYC,New York City,78.98,2026-08-16T15:33:06+00:00,2026-08-16T14:51:00+00:00
2026-08-16,KOKC,Oklahoma City,102.2,2026-08-16T21:07:18+00:00,2026-08-16T20:45:00+00:00
2026-08-16,KPHL,Philadelphia,78.8,2026-08-16T16:08:33+00:00,2026-08-16T15:45:00+00:00
2026-08-16,KPHX,Phoenix,109.4,2026-08-16T23:31:06+00:00,2026-08-16T23:10:00+00:00
2026-08-16,KSAT,San Antonio,98.6,2026-08-16T21:07:18+00:00,2026-08-16T20:40:00+00:00
2026-08-16,KSEA,Seattle,73.4,2026-08-16T23:52:55+00:00,2026-08-16T23:35:00+00:00
2026-08-16,KSFO,San Francisco,69.8,2026-08-16T20:54:43+00:00,2026-08-16T20:35:00+00:00
2026-08-17,KATL,Atlanta,98.6,2026-08-17T19:41:35+00:00,2026-08-17T19:20:00+00:00
2026-08-17,KAUS,Austin,102.2,2026-08-17T21:38:29+00:00,2026-08-17T21:20:00+00:00
2026-08-17,KBOS,Boston,75.2,2026-08-17T18:38:53+00:00,2026-08-17T18:25:00+00:00
2026-08-17,KDCA,Washington DC,93.2,2026-08-17T20:48:40+00:00,2026-08-17T20:25:00+00:00
2026-08-17,KDEN,Denver,91.94,2026-08-17T21:38:29+00:00,2026-08-17T20:53:00+00:00
2026-08-17,KDFW,Dallas,105.8,2026-08-17T21:56:22+00:00,2026-08-17T21:35:00+00:00
2026-08-17,KHOU,Houston,96.8,2026-08-17T20:16:11+00:00,2026-08-17T20:00:00+00:00
2026-08-17,KLAS,Las Vegas,107.6,2026-08-17T22:39:03+00:00,2026-08-17T22:20:00+00:00
2026-08-17,KLAX,Los Angeles,77.0,2026-08-17T19:14:15+00:00,2026-08-17T18:50:00+00:00
2026-08-17,KMDW,Chicago,78.8,2026-08-17T19:56:58+00:00,2026-08-17T19:35:00+00:00
2026-08-17,KMIA,Miami,95.0,2026-08-17T19:14:15+00:00,2026-08-17T18:53:00+00:00
2026-08-17,KMSP,Minneapolis,84.2,2026-08-17T19:56:58+00:00,2026-08-17T19:35:00+00:00
2026-08-17,KMSY,New Orleans,95.0,2026-08-17T19:14:15+00:00,2026-08-17T19:00:00+00:00
2026-08-17,KNYC,New York City,80.06,2026-08-17T20:16:11+00:00,2026-08-17T19:51:00+00:00
2026-08-17,KOKC,Oklahoma City,96.8,2026-08-17T19:56:58+00:00,2026-08-17T19:25:00+00:00
2026-08-17,KPHL,Philadelphia,87.8,2026-08-17T19:41:35+00:00,2026-08-17T19:25:00+00:00
2026-08-17,KPHX,Phoenix,111.2,2026-08-17T21:38:29+00:00,2026-08-17T21:25:00+00:00
2026-08-17,KSAT,San Antonio,100.4,2026-08-17T21:13:00+00:00,2026-08-17T21:00:00+00:00
2026-08-17,KSEA,Seattle,80.59,2026-08-17T23:55:23+00:00,2026-08-17T23:35:00+00:00
2026-08-17,KSFO,San Francisco,71.59,2026-08-17T20:48:40+00:00,2026-08-17T20:25:00+00:00
2026-08-18,KATL,Atlanta,91.4,2026-08-18T19:18:20+00:00,2026-08-18T19:05:00+00:00
2026-08-18,KAUS,Austin,102.2,2026-08-18T21:36:27+00:00,2026-08-18T21:15:00+00:00
2026-08-18,KBOS,Boston,75.2,2026-08-18T18:00:30+00:00,2026-08-18T17:40:00+00:00
2026-08-18,KDCA,Washington DC,87.8,2026-08-18T16:53:34+00:00,2026-08-18T16:30:00+00:00
2026-08-18,KDEN,Denver,87.08,2026-08-18T21:13:33+00:00,2026-08-18T20:53:00+00:00
2026-08-18,KDFW,Dallas,105.8,2026-08-18T21:13:33+00:00,2026-08-18T21:00:00+00:00
2026-08-18,KHOU,Houston,95.0,2026-08-18T19:18:20+00:00,2026-08-18T19:00:00+00:00
2026-08-18,KLAS,Las Vegas,109.4,2026-08-18T22:08:23+00:00,2026-08-18T21:45:00+00:00
2026-08-18,KLAX,Los Angeles,82.4,2026-08-18T22:08:23+00:00,2026-08-18T21:45:00+00:00
2026-08-18,KMDW,Chicago,80.59,2026-08-18T17:42:14+00:00,2026-08-18T17:15:00+00:00
2026-08-18,KMIA,Miami,100.4,2026-08-18T20:08:32+00:00,2026-08-18T19:45:00+00:00
2026-08-18,KMSP,Minneapolis,84.2,2026-08-18T21:54:52+00:00,2026-08-18T21:25:00+00:00
2026-08-18,KMSY,New Orleans,95.0,2026-08-18T20:36:35+00:00,2026-08-18T20:15:00+00:00
2026-08-18,KNYC,New York City,84.91,2026-08-18T18:53:14+00:00,2026-08-18T17:51:00+00:00
2026-08-18,KOKC,Oklahoma City,109.4,2026-08-18T22:08:23+00:00,2026-08-18T21:35:00+00:00
2026-08-18,KPHL,Philadelphia,87.8,2026-08-18T20:08:32+00:00,2026-08-18T19:45:00+00:00
2026-08-18,KPHX,Phoenix,113.0,2026-08-19T00:25:13+00:00,2026-08-19T00:05:00+00:00
2026-08-18,KSAT,San Antonio,98.6,2026-08-18T20:56:23+00:00,2026-08-18T20:35:00+00:00
2026-08-18,KSEA,Seattle,78.8,2026-08-18T23:54:32+00:00,2026-08-18T23:30:00+00:00
2026-08-18,KSFO,San Francisco,69.8,2026-08-18T22:57:06+00:00,2026-08-18T22:25:00+00:00
2026-08-19,KATL,Atlanta,93.2,2026-08-19T19:20:23+00:00,2026-08-19T19:00:00+00:00
2026-08-19,KAUS,Austin,102.2,2026-08-19T21:36:07+00:00,2026-08-19T21:10:00+00:00
2026-08-19,KBOS,Boston,87.8,2026-08-19T17:56:16+00:00,2026-08-19T17:35:00+00:00
2026-08-19,KDCA,Washington DC,89.6,2026-08-19T18:17:49+00:00,2026-08-19T17:50:00+00:00
2026-08-19,KDEN,Denver,89.96,2026-08-19T21:36:07+00:00,2026-08-19T20:53:00+00:00
2026-08-19,KDFW,Dallas,104.0,2026-08-19T21:02:02+00:00,2026-08-19T20:40:00+00:00
2026-08-19,KHOU,Houston,96.8,2026-08-19T20:42:41+00:00,2026-08-19T20:20:00+00:00
2026-08-19,KLAS,Las Vegas,109.4,2026-08-19T21:57:03+00:00,2026-08-19T21:35:00+00:00
2026-08-19,KLAX,Los Angeles,80.59,2026-08-19T17:56:16+00:00,2026-08-19T17:35:00+00:00
2026-08-19,KMDW,Chicago,78.8,2026-08-19T16:52:04+00:00,2026-08-19T16:30:00+00:00
2026-08-19,KMIA,Miami,96.8,2026-08-19T18:17:49+00:00,2026-08-19T17:50:00+00:00
2026-08-19,KMSP,Minneapolis,82.4,2026-08-19T22:46:15+00:00,2026-08-19T22:20:00+00:00
2026-08-19,KMSY,New Orleans,95.0,2026-08-19T19:20:23+00:00,2026-08-19T19:10:00+00:00
2026-08-19,KNYC,New York City,84.91,2026-08-19T17:39:34+00:00,2026-08-19T16:51:00+00:00
2026-08-19,KOKC,Oklahoma City,104.0,2026-08-19T21:57:03+00:00,2026-08-19T21:35:00+00:00
2026-08-19,KPHL,Philadelphia,89.6,2026-08-19T20:42:41+00:00,2026-08-19T20:25:00+00:00
2026-08-19,KPHX,Phoenix,109.4,2026-08-20T00:28:45+00:00,2026-08-20T00:05:00+00:00
2026-08-19,KSAT,San Antonio,100.4,2026-08-19T21:36:07+00:00,2026-08-19T21:10:00+00:00
2026-08-19,KSEA,Seattle,82.4,2026-08-20T00:28:45+00:00,2026-08-20T00:05:00+00:00
2026-08-19,KSFO,San Francisco,68.0,2026-08-19T21:36:07+00:00,2026-08-19T21:10:00+00:00
2026-08-20,KATL,Atlanta,96.8,2026-08-20T19:40:54+00:00,2026-08-20T19:15:00+00:00
2026-08-20,KAUS,Austin,102.2,2026-08-20T20:26:57+00:00,2026-08-20T19:50:00+00:00
2026-08-20,KBOS,Boston,84.2,2026-08-20T17:16:45+00:00,2026-08-20T16:45:00+00:00
2026-08-20,KDCA,Washington DC,91.4,2026-08-20T19:40:54+00:00,2026-08-20T19:05:00+00:00
2026-08-20,KDEN,Denver,91.94,2026-08-20T22:26:14+00:00,2026-08-20T21:53:00+00:00
2026-08-20,KDFW,Dallas,105.8,2026-08-20T21:59:57+00:00,2026-08-20T21:40:00+00:00
2026-08-20,KHOU,Houston,96.8,2026-08-20T19:40:54+00:00,2026-08-20T19:15:00+00:00
2026-08-20,KLAS,Las Vegas,107.6,2026-08-20T21:14:48+00:00,2026-08-20T20:45:00+00:00
2026-08-20,KLAX,Los Angeles,77.0,2026-08-20T20:53:23+00:00,2026-08-20T20:25:00+00:00
2026-08-20,KMDW,Chicago,78.8,2026-08-20T18:18:09+00:00,2026-08-20T17:50:00+00:00
2026-08-20,KMIA,Miami,93.2,2026-08-20T16:02:44+00:00,2026-08-20T15:40:00+00:00
2026-08-20,KMSP,Minneapolis,78.8,2026-08-20T21:14:48+00:00,2026-08-20T20:50:00+00:00
2026-08-20,KMSY,New Orleans,95.0,2026-08-20T21:42:52+00:00,2026-08-20T21:15:00+00:00
2026-08-20,KNYC,New York City,84.02,2026-08-20T16:47:58+00:00,2026-08-20T15:51:00+00:00
2026-08-20,KOKC,Oklahoma City,105.8,2026-08-20T22:26:14+00:00,2026-08-20T22:10:00+00:00
2026-08-20,KPHL,Philadelphia,84.2,2026-08-20T18:18:09+00:00,2026-08-20T17:50:00+00:00
2026-08-20,KPHX,Phoenix,105.8,2026-08-20T22:51:20+00:00,2026-08-20T22:35:00+00:00
2026-08-20,KSAT,San Antonio,100.4,2026-08-20T21:42:52+00:00,2026-08-20T21:15:00+00:00
2026-08-20,KSEA,Seattle,86.0,2026-08-21T00:43:25+00:00,2026-08-21T00:30:00+00:00
2026-08-20,KSFO,San Francisco,69.8,2026-08-20T22:51:20+00:00,2026-08-20T22:25:00+00:00
2026-08-21,KATL,Atlanta,93.2,2026-08-21T19:53:21+00:00,2026-08-21T19:15:00+00:00
2026-08-21,KAUS,Austin,104.0,2026-08-21T21:37:43+00:00,2026-08-21T21:15:00+00:00
2026-08-21,KBOS,Boston,71.59,2026-08-21T18:17:12+00:00,2026-08-21T17:55:00+00:00
2026-08-21,KDCA,Washington DC,82.4,2026-08-21T19:53:21+00:00,2026-08-21T19:30:00+00:00
2026-08-21,KDEN,Denver,98.06,2026-08-21T21:37:43+00:00,2026-08-21T20:53:00+00:00
2026-08-21,KDFW,Dallas,98.6,2026-08-21T17:20:16+00:00,2026-08-21T16:30:00+00:00
2026-08-21,KHOU,Houston,98.6,2026-08-21T20:56:49+00:00,2026-08-21T20:35:00+00:00
2026-08-21,KLAS,Las Vegas,107.6,2026-08-21T22:14:59+00:00,2026-08-21T21:50:00+00:00
2026-08-21,KLAX,Los Angeles,82.4,2026-08-21T19:53:21+00:00,2026-08-21T19:15:00+00:00
2026-08-21,KMDW,Chicago,78.8,2026-08-21T20:36:55+00:00,2026-08-21T20:05:00+00:00
2026-08-21,KMIA,Miami,93.2,2026-08-21T18:17:12+00:00,2026-08-21T17:35:00+00:00
2026-08-21,KMSP,Minneapolis,82.4,2026-08-21T20:10:13+00:00,2026-08-21T19:25:00+00:00
2026-08-21,KMSY,New Orleans,96.8,2026-08-21T19:53:21+00:00,2026-08-21T19:15:00+00:00
2026-08-21,KNYC,New York City,78.08,2026-08-21T20:36:55+00:00,2026-08-21T19:51:00+00:00
2026-08-21,KOKC,Oklahoma City,100.94,2026-08-21T23:17:06+00:00,2026-08-21T22:52:00+00:00
2026-08-21,KPHL,Philadelphia,84.2,2026-08-21T22:41:15+00:00,2026-08-21T22:15:00+00:00
2026-08-21,KPHX,Phoenix,111.2,2026-08-21T22:14:59+00:00,2026-08-21T21:50:00+00:00
2026-08-21,KSAT,San Antonio,100.94,2026-08-21T22:14:59+00:00,2026-08-21T21:51:00+00:00
2026-08-21,KSEA,Seattle,80.59,2026-08-21T20:36:55+00:00,2026-08-21T20:05:00+00:00
2026-08-21,KSFO,San Francisco,68.0,2026-08-21T21:14:34+00:00,2026-08-21T20:45:00+00:00
2026-08-22,KATL,Atlanta,80.59,2026-08-22T14:35:01+00:00,2026-08-22T14:20:00+00:00
2026-08-22,KAUS,Austin,86.0,2026-08-22T14:55:22+00:00,2026-08-22T14:30:00+00:00
2026-08-22,KBOS,Boston,69.8,2026-08-22T05:42:05+00:00,2026-08-22T05:20:00+00:00
2026-08-22,KDCA,Washington DC,73.4,2026-08-22T05:14:56+00:00,2026-08-22T05:00:00+00:00
2026-08-22,KDEN,Denver,71.06,2026-08-22T08:46:36+00:00,2026-08-22T07:53:00+00:00
2026-08-22,KDFW,Dallas,91.4,2026-08-22T14:35:01+00:00,2026-08-22T14:15:00+00:00
2026-08-22,KHOU,Houston,86.0,2026-08-22T14:55:22+00:00,2026-08-22T14:30:00+00:00
2026-08-22,KLAS,Las Vegas,93.2,2026-08-22T08:13:45+00:00,2026-08-22T08:00:00+00:00
2026-08-22,KLAX,Los Angeles,71.59,2026-08-22T08:46:36+00:00,2026-08-22T08:20:00+00:00
2026-08-22,KMDW,Chicago,71.59,2026-08-22T14:35:01+00:00,2026-08-22T14:15:00+00:00
2026-08-22,KMIA,Miami,89.6,2026-08-22T14:35:01+00:00,2026-08-22T14:25:00+00:00
2026-08-22,KMSP,Minneapolis,71.59,2026-08-22T14:35:01+00:00,2026-08-22T14:20:00+00:00
2026-08-22,KMSY,New Orleans,84.2,2026-08-22T14:55:22+00:00,2026-08-22T14:30:00+00:00
2026-08-22,KNYC,New York City,71.06,2026-08-22T14:35:01+00:00,2026-08-22T13:51:00+00:00
2026-08-22,KOKC,Oklahoma City,82.4,2026-08-22T11:32:32+00:00,2026-08-22T11:15:00+00:00
2026-08-22,KPHL,Philadelphia,73.4,2026-08-22T14:55:22+00:00,2026-08-22T14:30:00+00:00
2026-08-22,KPHX,Phoenix,96.8,2026-08-22T07:16:55+00:00,2026-08-22T07:00:00+00:00
2026-08-22,KSAT,San Antonio,82.4,2026-08-22T07:16:55+00:00,2026-08-22T07:00:00+00:00
2026-08-22,KSEA,Seattle,60.8,2026-08-22T08:46:36+00:00,2026-08-22T08:20:00+00:00
2026-08-22,KSFO,San Francisco,60.8,2026-08-22T08:46:36+00:00,2026-08-22T08:30:00+00:00
