scanned_utc,parlay_id,n_legs,legs,tickers,leg_probs_pct,combined_pct,fair_payout,last_start_utc
2026-09-08T18:53:09+00:00,2026-09-08-2LEG,2,New York Yankees wins (Colorado Rockies @ New York Yankees) | Los Angeles Dodgers wins (Cincinnati Reds @ Los Angeles Dodgers),KXMLBGAME-26SEP081905COLNYY-NYY|KXMLBGAME-26SEP082210CINLAD-LAD,74.0|73.3,54.3,1.84,2026-09-09T02:11:00+00:00
2026-09-08T18:53:09+00:00,2026-09-08-3LEG,3,New York Yankees wins (Colorado Rockies @ New York Yankees) | Los Angeles Dodgers wins (Cincinnati Reds @ Los Angeles Dodgers) | Boston Red Sox wins (Los Angeles Angels @ Boston Red Sox),KXMLBGAME-26SEP081905COLNYY-NYY|KXMLBGAME-26SEP082210CINLAD-LAD|KXMLBGAME-26SEP091845LAABOS-BOS,74.0|73.3|66.1,35.9,2.79,2026-09-09T22:46:00+00:00
2026-09-08T18:53:09+00:00,2026-09-08-4LEG,4,New York Yankees wins (Colorado Rockies @ New York Yankees) | Los Angeles Dodgers wins (Cincinnati Reds @ Los Angeles Dodgers) | Boston Red Sox wins (Los Angeles Angels @ Boston Red Sox) | Milwaukee Brewers wins (Chicago Cubs @ Milwaukee Brewers),KXMLBGAME-26SEP081905COLNYY-NYY|KXMLBGAME-26SEP082210CINLAD-LAD|KXMLBGAME-26SEP091845LAABOS-BOS|KXMLBGAME-26SEP081940CHCMIL-MIL,74.0|73.3|66.1|65.6,23.5,4.25,2026-09-09T22:46:00+00:00
2026-09-08T23:46:46+00:00,2026-09-08-2LEG,2,Los Angeles Dodgers wins (Cincinnati Reds @ Los Angeles Dodgers) | Los Angeles Dodgers wins (Cincinnati Reds @ Los Angeles Dodgers),KXMLBGAME-26SEP082210CINLAD-LAD|KXMLBGAME-26SEP092210CINLAD-LAD,73.0|72.1,52.6,1.9,2026-09-10T02:11:00+00:00
2026-09-08T23:46:46+00:00,2026-09-08-3LEG,3,Los Angeles Dodgers wins (Cincinnati Reds @ Los Angeles Dodgers) | Los Angeles Dodgers wins (Cincinnati Reds @ Los Angeles Dodgers) | Boston Red Sox wins (Los Angeles Angels @ Boston Red Sox),KXMLBGAME-26SEP082210CINLAD-LAD|KXMLBGAME-26SEP092210CINLAD-LAD|KXMLBGAME-26SEP091845LAABOS-BOS,73.0|72.1|65.0,34.2,2.92,2026-09-10T02:11:00+00:00
2026-09-08T23:46:46+00:00,2026-09-08-4LEG,4,Los Angeles Dodgers wins (Cincinnati Reds @ Los Angeles Dodgers) | Los Angeles Dodgers wins (Cincinnati Reds @ Los Angeles Dodgers) | Boston Red Sox wins (Los Angeles Angels @ Boston Red Sox) | San Diego Padres wins (Washington Nationals @ San Diego Padres),KXMLBGAME-26SEP082210CINLAD-LAD|KXMLBGAME-26SEP092210CINLAD-LAD|KXMLBGAME-26SEP091845LAABOS-BOS|KXMLBGAME-26SEP091610WSHSD-SD,73.0|72.1|65.0|63.5,21.7,4.6,2026-09-10T02:11:00+00:00
2026-09-09T18:09:27+00:00,2026-09-09-2LEG,2,New York Yankees wins (Colorado Rockies @ New York Yankees) | Los Angeles Dodgers wins (Cincinnati Reds @ Los Angeles Dodgers),KXMLBGAME-26SEP101905COLNYY-NYY|KXMLBGAME-26SEP092210CINLAD-LAD,74.4|70.9,52.8,1.9,2026-09-10T23:05:00+00:00
2026-09-09T18:09:27+00:00,2026-09-09-3LEG,3,New York Yankees wins (Colorado Rockies @ New York Yankees) | Los Angeles Dodgers wins (Cincinnati Reds @ Los Angeles Dodgers) | New York Yankees wins (Colorado Rockies @ New York Yankees),KXMLBGAME-26SEP101905COLNYY-NYY|KXMLBGAME-26SEP092210CINLAD-LAD|KXMLBGAME-26SEP091905COLNYY-NYY,74.4|70.9|68.4,36.1,2.77,2026-09-10T23:05:00+00:00
2026-09-09T18:09:27+00:00,2026-09-09-4LEG,4,New York Yankees wins (Colorado Rockies @ New York Yankees) | Los Angeles Dodgers wins (Cincinnati Reds @ Los Angeles Dodgers) | New York Yankees wins (Colorado Rockies @ New York Yankees) | Boston Red Sox wins (Los Angeles Angels @ Boston Red Sox),KXMLBGAME-26SEP101905COLNYY-NYY|KXMLBGAME-26SEP092210CINLAD-LAD|KXMLBGAME-26SEP091905COLNYY-NYY|KXMLBGAME-26SEP091845LAABOS-BOS,74.4|70.9|68.4|65.4,23.6,4.24,2026-09-10T23:05:00+00:00
2026-09-09T23:43:39+00:00,2026-09-09-2LEG,2,New York Yankees wins (Colorado Rockies @ New York Yankees) | Los Angeles Dodgers wins (Cincinnati Reds @ Los Angeles Dodgers),KXMLBGAME-26SEP101905COLNYY-NYY|KXMLBGAME-26SEP092210CINLAD-LAD,74.2|71.3,52.9,1.89,2026-09-10T23:05:00+00:00
2026-09-09T23:43:39+00:00,2026-09-09-3LEG,3,New York Yankees wins (Colorado Rockies @ New York Yankees) | Los Angeles Dodgers wins (Cincinnati Reds @ Los Angeles Dodgers) | Philadelphia Phillies wins (Houston Astros @ Philadelphia Phillies),KXMLBGAME-26SEP101905COLNYY-NYY|KXMLBGAME-26SEP092210CINLAD-LAD|KXMLBGAME-26SEP101305HOUPHI-PHI,74.2|71.3|60.8,32.2,3.11,2026-09-10T23:05:00+00:00
2026-09-10T04:15:54+00:00,2026-09-10-2LEG,2,New York Yankees wins (Colorado Rockies @ New York Yankees) | Aryna Sabalenka wins (Jessica Pegula @ Aryna Sabalenka),KXMLBGAME-26SEP101905COLNYY-NYY|KXWTAMATCH-26SEP10SABPEG-SAB,74.0|62.6,46.3,2.16,2026-09-10T23:05:00+00:00
2026-09-10T04:15:54+00:00,2026-09-10-3LEG,3,New York Yankees wins (Colorado Rockies @ New York Yankees) | Aryna Sabalenka wins (Jessica Pegula @ Aryna Sabalenka) | Philadelphia Phillies wins (Houston Astros @ Philadelphia Phillies),KXMLBGAME-26SEP101905COLNYY-NYY|KXWTAMATCH-26SEP10SABPEG-SAB|KXMLBGAME-26SEP101305HOUPHI-PHI,74.0|62.6|61.7,28.6,3.5,2026-09-10T23:05:00+00:00
2026-09-10T17:56:51+00:00,2026-09-10-2LEG,2,Alexander Zverev wins (Karen Khachanov @ Alexander Zverev) | Ben Shelton wins (Ben Shelton @ Frances Tiafoe),KXATPMATCH-26SEP11ZVEKHA-ZVE|KXATPMATCH-26SEP11TIASHE-SHE,80.0|72.6,58.1,1.72,2026-09-11T23:00:00+00:00
2026-09-10T17:56:51+00:00,2026-09-10-3LEG,3,Alexander Zverev wins (Karen Khachanov @ Alexander Zverev) | Ben Shelton wins (Ben Shelton @ Frances Tiafoe) | New York Yankees wins (Colorado Rockies @ New York Yankees),KXATPMATCH-26SEP11ZVEKHA-ZVE|KXATPMATCH-26SEP11TIASHE-SHE|KXMLBGAME-26SEP101905COLNYY-NYY,80.0|72.6|72.2,41.9,2.39,2026-09-11T23:00:00+00:00
2026-09-10T17:56:51+00:00,2026-09-10-4LEG,4,Alexander Zverev wins (Karen Khachanov @ Alexander Zverev) | Ben Shelton wins (Ben Shelton @ Frances Tiafoe) | New York Yankees wins (Colorado Rockies @ New York Yankees) | Aryna Sabalenka wins (Jessica Pegula @ Aryna Sabalenka),KXATPMATCH-26SEP11ZVEKHA-ZVE|KXATPMATCH-26SEP11TIASHE-SHE|KXMLBGAME-26SEP101905COLNYY-NYY|KXWTAMATCH-26SEP10SABPEG-SAB,80.0|72.6|72.2|63.3,26.5,3.77,2026-09-11T23:00:00+00:00
2026-09-10T23:35:50+00:00,2026-09-10-2LEG,2,Alexander Zverev wins (Karen Khachanov @ Alexander Zverev) | Ben Shelton wins (Ben Shelton @ Frances Tiafoe),KXATPMATCH-26SEP11ZVEKHA-ZVE|KXATPMATCH-26SEP11TIASHE-SHE,79.3|72.6,57.6,1.74,2026-09-11T23:00:00+00:00
2026-09-10T23:35:50+00:00,2026-09-10-3LEG,3,Alexander Zverev wins (Karen Khachanov @ Alexander Zverev) | Ben Shelton wins (Ben Shelton @ Frances Tiafoe) | Missouri Tigers wins (Missouri Tigers @ Kansas Jayhawks),KXATPMATCH-26SEP11ZVEKHA-ZVE|KXATPMATCH-26SEP11TIASHE-SHE|KXNCAAFGAME-26SEP11MIZZKU-MIZZ,79.3|72.6|65.4,37.7,2.65,2026-09-12T00:00:00+00:00
2026-09-10T23:35:50+00:00,2026-09-10-4LEG,4,Alexander Zverev wins (Karen Khachanov @ Alexander Zverev) | Ben Shelton wins (Ben Shelton @ Frances Tiafoe) | Missouri Tigers wins (Missouri Tigers @ Kansas Jayhawks) | Boston Red Sox wins (Kansas City Royals @ Boston Red Sox),KXATPMATCH-26SEP11ZVEKHA-ZVE|KXATPMATCH-26SEP11TIASHE-SHE|KXNCAAFGAME-26SEP11MIZZKU-MIZZ|KXMLBGAME-26SEP111910KCBOS-BOS,79.3|72.6|65.4|64.0,24.1,4.15,2026-09-12T00:00:00+00:00
2026-09-11T17:03:08+00:00,2026-09-11-2LEG,2,Nebraska Cornhuskers wins (Bowling Green Falcons @ Nebraska Cornhuskers) | Washington Huskies wins (Utah State Aggies @ Washington Huskies),KXNCAAFGAME-26SEP12BGSUNEB-NEB|KXNCAAFGAME-26SEP12USUWASH-WASH,95.0|94.3,89.5,1.12,2026-09-12T23:00:00+00:00
2026-09-11T17:03:08+00:00,2026-09-11-3LEG,3,Nebraska Cornhuskers wins (Bowling Green Falcons @ Nebraska Cornhuskers) | Washington Huskies wins (Utah State Aggies @ Washington Huskies) | Western Michigan Broncos wins (Monmouth Hawks @ Western Michigan Broncos),KXNCAAFGAME-26SEP12BGSUNEB-NEB|KXNCAAFGAME-26SEP12USUWASH-WASH|KXNCAAFGAME-26SEP12MONMWMU-WMU,95.0|94.3|94.1,84.2,1.19,2026-09-12T23:00:00+00:00
2026-09-11T17:03:08+00:00,2026-09-11-4LEG,4,Nebraska Cornhuskers wins (Bowling Green Falcons @ Nebraska Cornhuskers) | Washington Huskies wins (Utah State Aggies @ Washington Huskies) | Western Michigan Broncos wins (Monmouth Hawks @ Western Michigan Broncos) | Wyoming Cowboys wins (Northern Colorado Bears @ Wyoming Cowboys),KXNCAAFGAME-26SEP12BGSUNEB-NEB|KXNCAAFGAME-26SEP12USUWASH-WASH|KXNCAAFGAME-26SEP12MONMWMU-WMU|KXNCAAFGAME-26SEP12UNCOWYO-WYO,95.0|94.3|94.1|93.6,78.8,1.27,2026-09-12T23:00:00+00:00
2026-09-12T00:22:50+00:00,2026-09-12-2LEG,2,USC Trojans wins (Louisiana Ragin Cajuns @ USC Trojans) | Nebraska Cornhuskers wins (Bowling Green Falcons @ Nebraska Cornhuskers),KXNCAAFGAME-26SEP12ULLUSC-USC|KXNCAAFGAME-26SEP12BGSUNEB-NEB,95.6|94.9,90.7,1.1,2026-09-13T03:00:00+00:00
2026-09-12T00:22:50+00:00,2026-09-12-3LEG,3,USC Trojans wins (Louisiana Ragin Cajuns @ USC Trojans) | Nebraska Cornhuskers wins (Bowling Green Falcons @ Nebraska Cornhuskers) | UTEP Miners wins (Texas Southern Tigers @ UTEP Miners),KXNCAAFGAME-26SEP12ULLUSC-USC|KXNCAAFGAME-26SEP12BGSUNEB-NEB|KXNCAAFGAME-26SEP12TXSOUTEP-UTEP,95.6|94.9|94.6,85.9,1.16,2026-09-13T03:00:00+00:00
2026-09-12T00:22:50+00:00,2026-09-12-4LEG,4,USC Trojans wins (Louisiana Ragin Cajuns @ USC Trojans) | Nebraska Cornhuskers wins (Bowling Green Falcons @ Nebraska Cornhuskers) | UTEP Miners wins (Texas Southern Tigers @ UTEP Miners) | Washington Huskies wins (Utah State Aggies @ Washington Huskies),KXNCAAFGAME-26SEP12ULLUSC-USC|KXNCAAFGAME-26SEP12BGSUNEB-NEB|KXNCAAFGAME-26SEP12TXSOUTEP-UTEP|KXNCAAFGAME-26SEP12USUWASH-WASH,95.6|94.9|94.6|94.3,80.9,1.24,2026-09-13T03:00:00+00:00
2026-09-12T12:13:47+00:00,2026-09-12-2LEG,2,Nebraska Cornhuskers wins (Bowling Green Falcons @ Nebraska Cornhuskers) | USC Trojans wins (Louisiana Ragin Cajuns @ USC Trojans),KXNCAAFGAME-26SEP12BGSUNEB-NEB|KXNCAAFGAME-26SEP12ULLUSC-USC,94.9|94.9,90.1,1.11,2026-09-13T03:00:00+00:00
2026-09-12T12:13:47+00:00,2026-09-12-3LEG,3,Nebraska Cornhuskers wins (Bowling Green Falcons @ Nebraska Cornhuskers) | USC Trojans wins (Louisiana Ragin Cajuns @ USC Trojans) | UTEP Miners wins (Texas Southern Tigers @ UTEP Miners),KXNCAAFGAME-26SEP12BGSUNEB-NEB|KXNCAAFGAME-26SEP12ULLUSC-USC|KXNCAAFGAME-26SEP12TXSOUTEP-UTEP,94.9|94.9|94.6,85.3,1.17,2026-09-13T03:00:00+00:00
2026-09-12T12:13:47+00:00,2026-09-12-4LEG,4,Nebraska Cornhuskers wins (Bowling Green Falcons @ Nebraska Cornhuskers) | USC Trojans wins (Louisiana Ragin Cajuns @ USC Trojans) | UTEP Miners wins (Texas Southern Tigers @ UTEP Miners) | Washington Huskies wins (Utah State Aggies @ Washington Huskies),KXNCAAFGAME-26SEP12BGSUNEB-NEB|KXNCAAFGAME-26SEP12ULLUSC-USC|KXNCAAFGAME-26SEP12TXSOUTEP-UTEP|KXNCAAFGAME-26SEP12USUWASH-WASH,94.9|94.9|94.6|94.3,80.4,1.24,2026-09-13T03:00:00+00:00
2026-09-12T12:29:11+00:00,2026-09-12-2LEG,2,Nebraska Cornhuskers wins (Bowling Green Falcons @ Nebraska Cornhuskers) | USC Trojans wins (Louisiana Ragin Cajuns @ USC Trojans),KXNCAAFGAME-26SEP12BGSUNEB-NEB|KXNCAAFGAME-26SEP12ULLUSC-USC,94.9|94.9,90.1,1.11,2026-09-13T03:00:00+00:00
2026-09-12T12:29:11+00:00,2026-09-12-3LEG,3,Nebraska Cornhuskers wins (Bowling Green Falcons @ Nebraska Cornhuskers) | USC Trojans wins (Louisiana Ragin Cajuns @ USC Trojans) | UTEP Miners wins (Texas Southern Tigers @ UTEP Miners),KXNCAAFGAME-26SEP12BGSUNEB-NEB|KXNCAAFGAME-26SEP12ULLUSC-USC|KXNCAAFGAME-26SEP12TXSOUTEP-UTEP,94.9|94.9|94.6,85.3,1.17,2026-09-13T03:00:00+00:00
2026-09-12T12:29:11+00:00,2026-09-12-4LEG,4,Nebraska Cornhuskers wins (Bowling Green Falcons @ Nebraska Cornhuskers) | USC Trojans wins (Louisiana Ragin Cajuns @ USC Trojans) | UTEP Miners wins (Texas Southern Tigers @ UTEP Miners) | Washington Huskies wins (Utah State Aggies @ Washington Huskies),KXNCAAFGAME-26SEP12BGSUNEB-NEB|KXNCAAFGAME-26SEP12ULLUSC-USC|KXNCAAFGAME-26SEP12TXSOUTEP-UTEP|KXNCAAFGAME-26SEP12USUWASH-WASH,94.9|94.9|94.6|94.3,80.4,1.24,2026-09-13T03:00:00+00:00
2026-09-12T17:45:51+00:00,2026-09-12-2LEG,2,SMU Mustangs wins (UC Davis Aggies @ SMU Mustangs) | Western Michigan Broncos wins (Monmouth Hawks @ Western Michigan Broncos),KXNCAAFGAME-26SEP12UCDSMU-SMU|KXNCAAFGAME-26SEP12MONMWMU-WMU,96.6|95.3,92.1,1.09,2026-09-12T22:30:00+00:00
2026-09-12T17:45:51+00:00,2026-09-12-3LEG,3,SMU Mustangs wins (UC Davis Aggies @ SMU Mustangs) | Western Michigan Broncos wins (Monmouth Hawks @ Western Michigan Broncos) | Akron Zips wins (Robert Morris Colonials @ Akron Zips),KXNCAAFGAME-26SEP12UCDSMU-SMU|KXNCAAFGAME-26SEP12MONMWMU-WMU|KXNCAAFGAME-26SEP12RMUAKR-AKR,96.6|95.3|95.1,87.7,1.14,2026-09-12T22:30:00+00:00
2026-09-12T17:45:51+00:00,2026-09-12-4LEG,4,SMU Mustangs wins (UC Davis Aggies @ SMU Mustangs) | Western Michigan Broncos wins (Monmouth Hawks @ Western Michigan Broncos) | Akron Zips wins (Robert Morris Colonials @ Akron Zips) | Nebraska Cornhuskers wins (Bowling Green Falcons @ Nebraska Cornhuskers),KXNCAAFGAME-26SEP12UCDSMU-SMU|KXNCAAFGAME-26SEP12MONMWMU-WMU|KXNCAAFGAME-26SEP12RMUAKR-AKR|KXNCAAFGAME-26SEP12BGSUNEB-NEB,96.6|95.3|95.1|94.9,83.2,1.2,2026-09-12T23:00:00+00:00
2026-09-13T00:03:24+00:00,2026-09-13-2LEG,2,USC Trojans wins (Louisiana Ragin Cajuns @ USC Trojans) | UTEP Miners wins (Texas Southern Tigers @ UTEP Miners),KXNCAAFGAME-26SEP12ULLUSC-USC|KXNCAAFGAME-26SEP12TXSOUTEP-UTEP,94.9|94.5,89.7,1.11,2026-09-13T03:00:00+00:00
2026-09-13T00:03:24+00:00,2026-09-13-3LEG,3,USC Trojans wins (Louisiana Ragin Cajuns @ USC Trojans) | UTEP Miners wins (Texas Southern Tigers @ UTEP Miners) | San Jose State Spartans wins (Cal Poly Mustangs @ San Jose State Spartans),KXNCAAFGAME-26SEP12ULLUSC-USC|KXNCAAFGAME-26SEP12TXSOUTEP-UTEP|KXNCAAFGAME-26SEP12CPSJSU-SJSU,94.9|94.5|92.0,82.5,1.21,2026-09-13T03:00:00+00:00
2026-09-13T00:03:24+00:00,2026-09-13-4LEG,4,USC Trojans wins (Louisiana Ragin Cajuns @ USC Trojans) | UTEP Miners wins (Texas Southern Tigers @ UTEP Miners) | San Jose State Spartans wins (Cal Poly Mustangs @ San Jose State Spartans) | Clemson Tigers wins (Georgia Southern Eagles @ Clemson Tigers),KXNCAAFGAME-26SEP12ULLUSC-USC|KXNCAAFGAME-26SEP12TXSOUTEP-UTEP|KXNCAAFGAME-26SEP12CPSJSU-SJSU|KXNCAAFGAME-26SEP12GASOCLEM-CLEM,94.9|94.5|92.0|89.4,73.7,1.36,2026-09-13T03:00:00+00:00
2026-09-13T00:03:24+00:00,2026-09-13-BOOST3,3,USC Trojans wins (Louisiana Ragin Cajuns @ USC Trojans) | Clemson Tigers wins (Georgia Southern Eagles @ Clemson Tigers) | Fresno State Bulldogs wins (Sacramento State Hornets @ Fresno State Bulldogs),KXNCAAFGAME-26SEP12ULLUSC-USC|KXNCAAFGAME-26SEP12GASOCLEM-CLEM|KXNCAAFGAME-26SEP12SACFRES-FRES,94.9|89.4|88.0,74.7,1.34,2026-09-13T03:00:00+00:00
2026-09-13T00:03:24+00:00,2026-09-13-BOOST4,4,USC Trojans wins (Louisiana Ragin Cajuns @ USC Trojans) | Clemson Tigers wins (Georgia Southern Eagles @ Clemson Tigers) | Fresno State Bulldogs wins (Sacramento State Hornets @ Fresno State Bulldogs) | Los Angeles Chargers wins (Arizona Cardinals @ Los Angeles Chargers),KXNCAAFGAME-26SEP12ULLUSC-USC|KXNCAAFGAME-26SEP12GASOCLEM-CLEM|KXNCAAFGAME-26SEP12SACFRES-FRES|KXNFLGAME-26SEP13ARILAC-LAC,94.9|89.4|88.0|80.0,59.7,1.67,2026-09-13T20:25:00+00:00
2026-09-13T00:03:24+00:00,2026-09-13-BOOST5,5,USC Trojans wins (Louisiana Ragin Cajuns @ USC Trojans) | Clemson Tigers wins (Georgia Southern Eagles @ Clemson Tigers) | Fresno State Bulldogs wins (Sacramento State Hornets @ Fresno State Bulldogs) | Los Angeles Chargers wins (Arizona Cardinals @ Los Angeles Chargers) | Utah Utes wins (Arkansas Razorbacks @ Utah Utes),KXNCAAFGAME-26SEP12ULLUSC-USC|KXNCAAFGAME-26SEP12GASOCLEM-CLEM|KXNCAAFGAME-26SEP12SACFRES-FRES|KXNFLGAME-26SEP13ARILAC-LAC|KXNCAAFGAME-26SEP12ARKUTAH-UTAH,94.9|89.4|88.0|80.0|79.6,47.5,2.1,2026-09-13T20:25:00+00:00
2026-09-13T00:03:24+00:00,2026-09-13-BOOST6,6,USC Trojans wins (Louisiana Ragin Cajuns @ USC Trojans) | Clemson Tigers wins (Georgia Southern Eagles @ Clemson Tigers) | Fresno State Bulldogs wins (Sacramento State Hornets @ Fresno State Bulldogs) | Los Angeles Chargers wins (Arizona Cardinals @ Los Angeles Chargers) | Utah Utes wins (Arkansas Razorbacks @ Utah Utes) | Jacksonville Jaguars wins (Cleveland Browns @ Jacksonville Jaguars),KXNCAAFGAME-26SEP12ULLUSC-USC|KXNCAAFGAME-26SEP12GASOCLEM-CLEM|KXNCAAFGAME-26SEP12SACFRES-FRES|KXNFLGAME-26SEP13ARILAC-LAC|KXNCAAFGAME-26SEP12ARKUTAH-UTAH|KXNFLGAME-26SEP13CLEJAC-JAC,94.9|89.4|88.0|80.0|79.6|77.2,36.7,2.72,2026-09-13T20:25:00+00:00
2026-09-13T02:07:37+00:00,2026-09-13-2LEG,2,USC Trojans wins (Louisiana Ragin Cajuns @ USC Trojans) | Fresno State Bulldogs wins (Sacramento State Hornets @ Fresno State Bulldogs),KXNCAAFGAME-26SEP12ULLUSC-USC|KXNCAAFGAME-26SEP12SACFRES-FRES,94.9|88.0,83.5,1.2,2026-09-13T03:00:00+00:00
2026-09-13T02:07:37+00:00,2026-09-13-3LEG,3,USC Trojans wins (Louisiana Ragin Cajuns @ USC Trojans) | Fresno State Bulldogs wins (Sacramento State Hornets @ Fresno State Bulldogs) | Utah Utes wins (Arkansas Razorbacks @ Utah Utes),KXNCAAFGAME-26SEP12ULLUSC-USC|KXNCAAFGAME-26SEP12SACFRES-FRES|KXNCAAFGAME-26SEP12ARKUTAH-UTAH,94.9|88.0|81.2,67.8,1.47,2026-09-13T03:00:00+00:00
2026-09-13T02:07:37+00:00,2026-09-13-4LEG,4,USC Trojans wins (Louisiana Ragin Cajuns @ USC Trojans) | Fresno State Bulldogs wins (Sacramento State Hornets @ Fresno State Bulldogs) | Utah Utes wins (Arkansas Razorbacks @ Utah Utes) | Los Angeles Chargers wins (Arizona Cardinals @ Los Angeles Chargers),KXNCAAFGAME-26SEP12ULLUSC-USC|KXNCAAFGAME-26SEP12SACFRES-FRES|KXNCAAFGAME-26SEP12ARKUTAH-UTAH|KXNFLGAME-26SEP13ARILAC-LAC,94.9|88.0|81.2|80.0,54.3,1.84,2026-09-13T20:25:00+00:00
2026-09-13T02:07:37+00:00,2026-09-13-BOOST5,5,USC Trojans wins (Louisiana Ragin Cajuns @ USC Trojans) | Fresno State Bulldogs wins (Sacramento State Hornets @ Fresno State Bulldogs) | Utah Utes wins (Arkansas Razorbacks @ Utah Utes) | Los Angeles Chargers wins (Arizona Cardinals @ Los Angeles Chargers) | Jacksonville Jaguars wins (Cleveland Browns @ Jacksonville Jaguars),KXNCAAFGAME-26SEP12ULLUSC-USC|KXNCAAFGAME-26SEP12SACFRES-FRES|KXNCAAFGAME-26SEP12ARKUTAH-UTAH|KXNFLGAME-26SEP13ARILAC-LAC|KXNFLGAME-26SEP13CLEJAC-JAC,94.9|88.0|81.2|80.0|77.4,42.0,2.38,2026-09-13T20:25:00+00:00
2026-09-13T02:07:37+00:00,2026-09-13-BOOST6,6,USC Trojans wins (Louisiana Ragin Cajuns @ USC Trojans) | Fresno State Bulldogs wins (Sacramento State Hornets @ Fresno State Bulldogs) | Utah Utes wins (Arkansas Razorbacks @ Utah Utes) | Los Angeles Chargers wins (Arizona Cardinals @ Los Angeles Chargers) | Jacksonville Jaguars wins (Cleveland Browns @ Jacksonville Jaguars) | Detroit Lions wins (New Orleans Saints @ Detroit Lions),KXNCAAFGAME-26SEP12ULLUSC-USC|KXNCAAFGAME-26SEP12SACFRES-FRES|KXNCAAFGAME-26SEP12ARKUTAH-UTAH|KXNFLGAME-26SEP13ARILAC-LAC|KXNFLGAME-26SEP13CLEJAC-JAC|KXNFLGAME-26SEP13NODET-DET,94.9|88.0|81.2|80.0|77.4|73.5,30.9,3.24,2026-09-13T20:25:00+00:00
2026-09-13T16:19:45+00:00,2026-09-13-2LEG,2,Los Angeles Chargers wins (Arizona Cardinals @ Los Angeles Chargers) | Jacksonville Jaguars wins (Cleveland Browns @ Jacksonville Jaguars),KXNFLGAME-26SEP13ARILAC-LAC|KXNFLGAME-26SEP13CLEJAC-JAC,80.0|78.2,62.5,1.6,2026-09-13T20:25:00+00:00
2026-09-13T16:19:45+00:00,2026-09-13-3LEG,3,Los Angeles Chargers wins (Arizona Cardinals @ Los Angeles Chargers) | Jacksonville Jaguars wins (Cleveland Browns @ Jacksonville Jaguars) | Detroit Lions wins (New Orleans Saints @ Detroit Lions),KXNFLGAME-26SEP13ARILAC-LAC|KXNFLGAME-26SEP13CLEJAC-JAC|KXNFLGAME-26SEP13NODET-DET,80.0|78.2|74.0,46.3,2.16,2026-09-13T20:25:00+00:00
2026-09-13T16:19:45+00:00,2026-09-13-4LEG,4,Los Angeles Chargers wins (Arizona Cardinals @ Los Angeles Chargers) | Jacksonville Jaguars wins (Cleveland Browns @ Jacksonville Jaguars) | Detroit Lions wins (New Orleans Saints @ Detroit Lions) | Pittsburgh Steelers wins (Atlanta Falcons @ Pittsburgh Steelers),KXNFLGAME-26SEP13ARILAC-LAC|KXNFLGAME-26SEP13CLEJAC-JAC|KXNFLGAME-26SEP13NODET-DET|KXNFLGAME-26SEP13ATLPIT-PIT,80.0|78.2|74.0|71.9,33.3,3.01,2026-09-13T20:25:00+00:00
2026-09-13T16:19:45+00:00,2026-09-13-BOOST5,5,Los Angeles Chargers wins (Arizona Cardinals @ Los Angeles Chargers) | Jacksonville Jaguars wins (Cleveland Browns @ Jacksonville Jaguars) | Detroit Lions wins (New Orleans Saints @ Detroit Lions) | Pittsburgh Steelers wins (Atlanta Falcons @ Pittsburgh Steelers) | Philadelphia Eagles wins (Washington Commanders @ Philadelphia Eagles),KXNFLGAME-26SEP13ARILAC-LAC|KXNFLGAME-26SEP13CLEJAC-JAC|KXNFLGAME-26SEP13NODET-DET|KXNFLGAME-26SEP13ATLPIT-PIT|KXNFLGAME-26SEP13WASPHI-PHI,80.0|78.2|74.0|71.9|70.0,23.3,4.29,2026-09-13T20:25:00+00:00
2026-09-13T18:58:17+00:00,2026-09-13-2LEG,2,Los Angeles Chargers wins (Arizona Cardinals @ Los Angeles Chargers) | Philadelphia Eagles wins (Washington Commanders @ Philadelphia Eagles),KXNFLGAME-26SEP13ARILAC-LAC|KXNFLGAME-26SEP13WASPHI-PHI,80.0|69.9,55.9,1.79,2026-09-13T20:25:00+00:00
2026-09-13T18:58:17+00:00,2026-09-13-3LEG,3,Los Angeles Chargers wins (Arizona Cardinals @ Los Angeles Chargers) | Philadelphia Eagles wins (Washington Commanders @ Philadelphia Eagles) | Alycia Parks wins (Varvara Lepchenko @ Alycia Parks),KXNFLGAME-26SEP13ARILAC-LAC|KXNFLGAME-26SEP13WASPHI-PHI|KXWTAMATCH-26SEP13PARLEP-PAR,80.0|69.9|67.4,37.7,2.65,2026-09-13T20:25:00+00:00
2026-09-13T18:58:17+00:00,2026-09-13-4LEG,4,Los Angeles Chargers wins (Arizona Cardinals @ Los Angeles Chargers) | Philadelphia Eagles wins (Washington Commanders @ Philadelphia Eagles) | Alycia Parks wins (Varvara Lepchenko @ Alycia Parks) | Peyton Stearns wins (Emiliana Arango @ Peyton Stearns),KXNFLGAME-26SEP13ARILAC-LAC|KXNFLGAME-26SEP13WASPHI-PHI|KXWTAMATCH-26SEP13PARLEP-PAR|KXWTAMATCH-26SEP13STEARA-STE,80.0|69.9|67.4|65.6,24.7,4.04,2026-09-13T20:25:00+00:00
2026-09-13T23:10:47+00:00,2026-09-13-2LEG,2,Los Angeles Dodgers wins (Los Angeles Dodgers @ Cincinnati Reds) | San Diego Padres wins (San Diego Padres @ Colorado Rockies),KXMLBGAME-26SEP141840LADCIN-LAD|KXMLBGAME-26SEP142040SDCOL-SD,64.6|61.5,39.7,2.52,2026-09-15T00:41:00+00:00
2026-09-13T23:10:47+00:00,2026-09-13-3LEG,3,Los Angeles Dodgers wins (Los Angeles Dodgers @ Cincinnati Reds) | San Diego Padres wins (San Diego Padres @ Colorado Rockies) | Dallas Cowboys wins (Dallas Cowboys @ New York Giants),KXMLBGAME-26SEP141840LADCIN-LAD|KXMLBGAME-26SEP142040SDCOL-SD|KXNFLGAME-26SEP13DALNYG-DAL,64.6|61.5|60.2,23.9,4.18,2026-09-15T00:41:00+00:00
2026-09-13T23:36:12+00:00,2026-09-13-2LEG,2,Los Angeles Dodgers wins (Los Angeles Dodgers @ Cincinnati Reds) | San Diego Padres wins (San Diego Padres @ Colorado Rockies),KXMLBGAME-26SEP141840LADCIN-LAD|KXMLBGAME-26SEP142040SDCOL-SD,64.6|61.5,39.8,2.51,2026-09-15T00:41:00+00:00
2026-09-13T23:36:12+00:00,2026-09-13-3LEG,3,Los Angeles Dodgers wins (Los Angeles Dodgers @ Cincinnati Reds) | San Diego Padres wins (San Diego Padres @ Colorado Rockies) | Dallas Cowboys wins (Dallas Cowboys @ New York Giants),KXMLBGAME-26SEP141840LADCIN-LAD|KXMLBGAME-26SEP142040SDCOL-SD|KXNFLGAME-26SEP13DALNYG-DAL,64.6|61.5|60.8,24.2,4.14,2026-09-15T00:41:00+00:00
2026-09-14T00:16:26+00:00,2026-09-14-2LEG,2,Los Angeles Dodgers wins (Los Angeles Dodgers @ Cincinnati Reds) | San Diego Padres wins (San Diego Padres @ Colorado Rockies),KXMLBGAME-26SEP141840LADCIN-LAD|KXMLBGAME-26SEP142040SDCOL-SD,64.9|61.5,39.9,2.51,2026-09-15T00:41:00+00:00
2026-09-14T00:16:26+00:00,2026-09-14-3LEG,3,Los Angeles Dodgers wins (Los Angeles Dodgers @ Cincinnati Reds) | San Diego Padres wins (San Diego Padres @ Colorado Rockies) | Dallas Cowboys wins (Dallas Cowboys @ New York Giants),KXMLBGAME-26SEP141840LADCIN-LAD|KXMLBGAME-26SEP142040SDCOL-SD|KXNFLGAME-26SEP13DALNYG-DAL,64.9|61.5|60.8,24.3,4.12,2026-09-15T00:41:00+00:00
2026-09-14T03:07:40+00:00,2026-09-14-2LEG,2,Sloane Stephens wins (Sloane Stephens @ Carole Monnet) | Zeynep Sonmez wins (Iryna Shymanovich @ Zeynep Sonmez),KXWTAMATCH-26SEP14MONSTE-STE|KXWTAMATCH-26SEP14SONSHY-SON,77.8|74.0,57.6,1.74,2026-09-14T23:00:00+00:00
2026-09-14T03:07:40+00:00,2026-09-14-3LEG,3,Sloane Stephens wins (Sloane Stephens @ Carole Monnet) | Zeynep Sonmez wins (Iryna Shymanovich @ Zeynep Sonmez) | Magdalena Frech wins (Nao Hibino @ Magdalena Frech),KXWTAMATCH-26SEP14MONSTE-STE|KXWTAMATCH-26SEP14SONSHY-SON|KXWTAMATCH-26SEP14FREHIB-FRE,77.8|74.0|72.1,41.5,2.41,2026-09-14T23:00:00+00:00
2026-09-14T03:25:06+00:00,2026-09-14-2LEG,2,Sloane Stephens wins (Sloane Stephens @ Carole Monnet) | Zeynep Sonmez wins (Iryna Shymanovich @ Zeynep Sonmez),KXWTAMATCH-26SEP14MONSTE-STE|KXWTAMATCH-26SEP14SONSHY-SON,77.8|74.0,57.6,1.74,2026-09-14T23:00:00+00:00
2026-09-14T03:25:06+00:00,2026-09-14-3LEG,3,Sloane Stephens wins (Sloane Stephens @ Carole Monnet) | Zeynep Sonmez wins (Iryna Shymanovich @ Zeynep Sonmez) | Magdalena Frech wins (Nao Hibino @ Magdalena Frech),KXWTAMATCH-26SEP14MONSTE-STE|KXWTAMATCH-26SEP14SONSHY-SON|KXWTAMATCH-26SEP14FREHIB-FRE,77.8|74.0|72.2,41.6,2.41,2026-09-14T23:00:00+00:00
2026-09-14T03:44:17+00:00,2026-09-14-2LEG,2,Sloane Stephens wins (Sloane Stephens @ Carole Monnet) | Zeynep Sonmez wins (Iryna Shymanovich @ Zeynep Sonmez),KXWTAMATCH-26SEP14MONSTE-STE|KXWTAMATCH-26SEP14SONSHY-SON,77.8|74.0,57.6,1.74,2026-09-14T23:00:00+00:00
2026-09-14T03:44:17+00:00,2026-09-14-3LEG,3,Sloane Stephens wins (Sloane Stephens @ Carole Monnet) | Zeynep Sonmez wins (Iryna Shymanovich @ Zeynep Sonmez) | Magdalena Frech wins (Nao Hibino @ Magdalena Frech),KXWTAMATCH-26SEP14MONSTE-STE|KXWTAMATCH-26SEP14SONSHY-SON|KXWTAMATCH-26SEP14FREHIB-FRE,77.8|74.0|72.1,41.5,2.41,2026-09-14T23:00:00+00:00
2026-09-14T04:09:34+00:00,2026-09-14-2LEG,2,Sloane Stephens wins (Sloane Stephens @ Carole Monnet) | Zeynep Sonmez wins (Iryna Shymanovich @ Zeynep Sonmez),KXWTAMATCH-26SEP14MONSTE-STE|KXWTAMATCH-26SEP14SONSHY-SON,79.8|74.0,59.1,1.69,2026-09-14T23:00:00+00:00
2026-09-14T04:09:34+00:00,2026-09-14-3LEG,3,Sloane Stephens wins (Sloane Stephens @ Carole Monnet) | Zeynep Sonmez wins (Iryna Shymanovich @ Zeynep Sonmez) | Magdalena Frech wins (Nao Hibino @ Magdalena Frech),KXWTAMATCH-26SEP14MONSTE-STE|KXWTAMATCH-26SEP14SONSHY-SON|KXWTAMATCH-26SEP14FREHIB-FRE,79.8|74.0|73.6,43.5,2.3,2026-09-14T23:00:00+00:00
2026-09-14T19:52:09+00:00,2026-09-14-2LEG,2,Magdalena Frech wins (Nao Hibino @ Magdalena Frech) | Sara Bejlek wins (Sara Bejlek @ Alycia Parks),KXWTAMATCH-26SEP14FREHIB-FRE|KXWTAMATCH-26SEP15PARBEJ-BEJ,77.1|75.1,57.9,1.73,2026-09-15T19:00:00+00:00
2026-09-14T19:52:09+00:00,2026-09-14-3LEG,3,Magdalena Frech wins (Nao Hibino @ Magdalena Frech) | Sara Bejlek wins (Sara Bejlek @ Alycia Parks) | Zeynep Sonmez wins (Iryna Shymanovich @ Zeynep Sonmez),KXWTAMATCH-26SEP14FREHIB-FRE|KXWTAMATCH-26SEP15PARBEJ-BEJ|KXWTAMATCH-26SEP14SONSHY-SON,77.1|75.1|72.2,41.8,2.39,2026-09-15T19:00:00+00:00
2026-09-15T19:05:10+00:00,2026-09-15-2LEG,2,Iva Jović wins (Iva Jović @ Zeynep Sonmez) | Sara Bejlek wins (Sara Bejlek @ Alycia Parks),KXWTAMATCH-26SEP16SONJOV-JOV|KXWTAMATCH-26SEP15PARBEJ-BEJ,76.3|75.4,57.5,1.74,2026-09-16T18:00:00+00:00
2026-09-15T19:05:10+00:00,2026-09-15-3LEG,3,Iva Jović wins (Iva Jović @ Zeynep Sonmez) | Sara Bejlek wins (Sara Bejlek @ Alycia Parks) | Marta Kostyuk wins (Taylor Townsend @ Marta Kostyuk),KXWTAMATCH-26SEP16SONJOV-JOV|KXWTAMATCH-26SEP15PARBEJ-BEJ|KXWTAMATCH-26SEP16KOSTOW-KOS,76.3|75.4|71.6,41.1,2.43,2026-09-16T18:00:00+00:00
2026-09-15T19:18:28+00:00,2026-09-15-2LEG,2,Iva Jović wins (Iva Jović @ Zeynep Sonmez) | Sara Bejlek wins (Sara Bejlek @ Alycia Parks),KXWTAMATCH-26SEP16SONJOV-JOV|KXWTAMATCH-26SEP15PARBEJ-BEJ,76.3|75.4,57.5,1.74,2026-09-16T19:00:00+00:00
2026-09-15T19:18:28+00:00,2026-09-15-3LEG,3,Iva Jović wins (Iva Jović @ Zeynep Sonmez) | Sara Bejlek wins (Sara Bejlek @ Alycia Parks) | Marta Kostyuk wins (Taylor Townsend @ Marta Kostyuk),KXWTAMATCH-26SEP16SONJOV-JOV|KXWTAMATCH-26SEP15PARBEJ-BEJ|KXWTAMATCH-26SEP16KOSTOW-KOS,76.3|75.4|71.6,41.1,2.43,2026-09-16T19:00:00+00:00
2026-09-16T00:30:05+00:00,2026-09-16-2LEG,2,Iva Jović wins (Iva Jović @ Zeynep Sonmez) | Marta Kostyuk wins (Taylor Townsend @ Marta Kostyuk),KXWTAMATCH-26SEP16SONJOV-JOV|KXWTAMATCH-26SEP16KOSTOW-KOS,76.3|71.6,54.6,1.83,2026-09-16T23:00:00+00:00
2026-09-16T13:37:04+00:00,2026-09-16-2LEG,2,Iva Jović wins (Iva Jović @ Zeynep Sonmez) | Marta Kostyuk wins (Taylor Townsend @ Marta Kostyuk),KXWTAMATCH-26SEP16SONJOV-JOV|KXWTAMATCH-26SEP16KOSTOW-KOS,77.0|71.9,55.3,1.81,2026-09-16T23:00:00+00:00
2026-09-16T17:39:04+00:00,2026-09-16-2LEG,2,Pittsburgh Panthers wins (Syracuse Orange @ Pittsburgh Panthers) | Iva Jović wins (Iva Jović @ Zeynep Sonmez),KXNCAAFGAME-26SEP17SYRPITT-PITT|KXWTAMATCH-26SEP16SONJOV-JOV,77.8|76.3,59.3,1.69,2026-09-17T23:30:00+00:00
2026-09-16T17:39:04+00:00,2026-09-16-3LEG,3,Pittsburgh Panthers wins (Syracuse Orange @ Pittsburgh Panthers) | Iva Jović wins (Iva Jović @ Zeynep Sonmez) | Marta Kostyuk wins (Taylor Townsend @ Marta Kostyuk),KXNCAAFGAME-26SEP17SYRPITT-PITT|KXWTAMATCH-26SEP16SONJOV-JOV|KXWTAMATCH-26SEP16KOSTOW-KOS,77.8|76.3|71.9,42.7,2.34,2026-09-17T23:30:00+00:00
2026-09-16T18:56:11+00:00,2026-09-16-2LEG,2,Pittsburgh Panthers wins (Syracuse Orange @ Pittsburgh Panthers) | Iva Jović wins (Iva Jović @ Zeynep Sonmez),KXNCAAFGAME-26SEP17SYRPITT-PITT|KXWTAMATCH-26SEP16SONJOV-JOV,77.8|76.3,59.3,1.69,2026-09-17T23:30:00+00:00
2026-09-16T18:56:11+00:00,2026-09-16-3LEG,3,Pittsburgh Panthers wins (Syracuse Orange @ Pittsburgh Panthers) | Iva Jović wins (Iva Jović @ Zeynep Sonmez) | Marta Kostyuk wins (Taylor Townsend @ Marta Kostyuk),KXNCAAFGAME-26SEP17SYRPITT-PITT|KXWTAMATCH-26SEP16SONJOV-JOV|KXWTAMATCH-26SEP16KOSTOW-KOS,77.8|76.3|71.3,42.3,2.36,2026-09-17T23:30:00+00:00
2026-09-16T18:56:11+00:00,2026-09-16-4LEG,4,Pittsburgh Panthers wins (Syracuse Orange @ Pittsburgh Panthers) | Iva Jović wins (Iva Jović @ Zeynep Sonmez) | Marta Kostyuk wins (Taylor Townsend @ Marta Kostyuk) | Tampa Bay Rays wins (Athletics @ Tampa Bay Rays),KXNCAAFGAME-26SEP17SYRPITT-PITT|KXWTAMATCH-26SEP16SONJOV-JOV|KXWTAMATCH-26SEP16KOSTOW-KOS|KXMLBGAME-26SEP171310ATHTB-TB,77.8|76.3|71.3|71.2,30.1,3.32,2026-09-17T23:30:00+00:00
2026-09-16T21:26:28+00:00,2026-09-16-2LEG,2,Pittsburgh Panthers wins (Syracuse Orange @ Pittsburgh Panthers) | Tampa Bay Rays wins (Athletics @ Tampa Bay Rays),KXNCAAFGAME-26SEP17SYRPITT-PITT|KXMLBGAME-26SEP171310ATHTB-TB,77.8|70.8,55.1,1.82,2026-09-17T23:30:00+00:00
2026-09-17T00:39:14+00:00,2026-09-17-2LEG,2,Pittsburgh Panthers wins (Syracuse Orange @ Pittsburgh Panthers) | Iva Jović wins (Iva Jović @ Magdalena Frech),KXNCAAFGAME-26SEP17SYRPITT-PITT|KXWTAMATCH-26SEP17FREJOV-JOV,77.8|72.4,56.3,1.78,2026-09-17T23:30:00+00:00
2026-09-17T00:39:14+00:00,2026-09-17-3LEG,3,Pittsburgh Panthers wins (Syracuse Orange @ Pittsburgh Panthers) | Iva Jović wins (Iva Jović @ Magdalena Frech) | Tampa Bay Rays wins (Athletics @ Tampa Bay Rays),KXNCAAFGAME-26SEP17SYRPITT-PITT|KXWTAMATCH-26SEP17FREJOV-JOV|KXMLBGAME-26SEP171310ATHTB-TB,77.8|72.4|70.7,39.8,2.51,2026-09-17T23:30:00+00:00
2026-09-17T01:42:24+00:00,2026-09-17-2LEG,2,Pittsburgh Panthers wins (Syracuse Orange @ Pittsburgh Panthers) | Iva Jović wins (Iva Jović @ Magdalena Frech),KXNCAAFGAME-26SEP17SYRPITT-PITT|KXWTAMATCH-26SEP17FREJOV-JOV,77.8|73.0,56.7,1.76,2026-09-17T23:30:00+00:00
2026-09-17T01:42:24+00:00,2026-09-17-3LEG,3,Pittsburgh Panthers wins (Syracuse Orange @ Pittsburgh Panthers) | Iva Jović wins (Iva Jović @ Magdalena Frech) | Tampa Bay Rays wins (Athletics @ Tampa Bay Rays),KXNCAAFGAME-26SEP17SYRPITT-PITT|KXWTAMATCH-26SEP17FREJOV-JOV|KXMLBGAME-26SEP171310ATHTB-TB,77.8|73.0|70.6,40.1,2.5,2026-09-17T23:30:00+00:00
2026-09-17T01:42:24+00:00,2026-09-17-GAME1,6,DJ Moore 25+ receiving yards (Detroit Lions @ Buffalo Bills) | Jameson Williams 25+ receiving yards (Detroit Lions @ Buffalo Bills) | Jared Goff 200+ passing yards (Detroit Lions @ Buffalo Bills) | Jahmyr Gibbs 50+ rushing yards (Detroit Lions @ Buffalo Bills) | Dalton Kincaid 25+ receiving yards (Detroit Lions @ Buffalo Bills) | Sam LaPorta 25+ receiving yards (Detroit Lions @ Buffalo Bills),KXNFLRECYDS-26SEP17DETBUF-BUFDMOORE2-25|KXNFLRECYDS-26SEP17DETBUF-DETJWILLIAMS1-25|KXNFLPASSYDS-26SEP17DETBUF-DETJGOFF16-200|KXNFLRSHYDS-26SEP17DETBUF-DETJGIBBS0-50|KXNFLRECYDS-26SEP17DETBUF-BUFDKINCAID86-25|KXNFLRECYDS-26SEP17DETBUF-DETSLAPORTA87-25,86.2|84.7|82.9|81.7|80.3|78.3,31.1,3.21,2026-09-18T00:15:00+00:00
2026-09-17T01:49:35+00:00,2026-09-17-2LEG,2,Pittsburgh Panthers wins (Syracuse Orange @ Pittsburgh Panthers) | Iva Jović wins (Iva Jović @ Magdalena Frech),KXNCAAFGAME-26SEP17SYRPITT-PITT|KXWTAMATCH-26SEP17FREJOV-JOV,77.8|72.9,56.7,1.76,2026-09-17T23:30:00+00:00
2026-09-17T01:49:35+00:00,2026-09-17-3LEG,3,Pittsburgh Panthers wins (Syracuse Orange @ Pittsburgh Panthers) | Iva Jović wins (Iva Jović @ Magdalena Frech) | Tampa Bay Rays wins (Athletics @ Tampa Bay Rays),KXNCAAFGAME-26SEP17SYRPITT-PITT|KXWTAMATCH-26SEP17FREJOV-JOV|KXMLBGAME-26SEP171310ATHTB-TB,77.8|72.9|70.6,40.0,2.5,2026-09-17T23:30:00+00:00
2026-09-17T01:49:35+00:00,2026-09-17-TEAM1,5,Jameson Williams 25+ receiving yards (Detroit Lions @ Buffalo Bills) | Jared Goff 200+ passing yards (Detroit Lions @ Buffalo Bills) | Jahmyr Gibbs 50+ rushing yards (Detroit Lions @ Buffalo Bills) | Sam LaPorta 25+ receiving yards (Detroit Lions @ Buffalo Bills) | Amon-Ra St. Brown 50+ receiving yards (Detroit Lions @ Buffalo Bills),KXNFLRECYDS-26SEP17DETBUF-DETJWILLIAMS1-25|KXNFLPASSYDS-26SEP17DETBUF-DETJGOFF16-200|KXNFLRSHYDS-26SEP17DETBUF-DETJGIBBS0-50|KXNFLRECYDS-26SEP17DETBUF-DETSLAPORTA87-25|KXNFLRECYDS-26SEP17DETBUF-DETASTBROWN14-50,84.7|82.9|81.7|78.3|78.0,35.1,2.85,2026-09-18T00:15:00+00:00
2026-09-17T01:49:35+00:00,2026-09-17-TEAM2,4,DJ Moore 25+ receiving yards (Detroit Lions @ Buffalo Bills) | Dalton Kincaid 25+ receiving yards (Detroit Lions @ Buffalo Bills) | Josh Allen 200+ passing yards (Detroit Lions @ Buffalo Bills) | Khalil Shakir 25+ receiving yards (Detroit Lions @ Buffalo Bills),KXNFLRECYDS-26SEP17DETBUF-BUFDMOORE2-25|KXNFLRECYDS-26SEP17DETBUF-BUFDKINCAID86-25|KXNFLPASSYDS-26SEP17DETBUF-BUFJALLEN17-200|KXNFLRECYDS-26SEP17DETBUF-BUFKSHAKIR10-25,86.2|80.3|77.5|76.4,41.0,2.44,2026-09-18T00:15:00+00:00
2026-09-17T01:49:35+00:00,2026-09-17-GAME1,6,DJ Moore 25+ receiving yards (Detroit Lions @ Buffalo Bills) | Jameson Williams 25+ receiving yards (Detroit Lions @ Buffalo Bills) | Jared Goff 200+ passing yards (Detroit Lions @ Buffalo Bills) | Jahmyr Gibbs 50+ rushing yards (Detroit Lions @ Buffalo Bills) | Dalton Kincaid 25+ receiving yards (Detroit Lions @ Buffalo Bills) | Sam LaPorta 25+ receiving yards (Detroit Lions @ Buffalo Bills),KXNFLRECYDS-26SEP17DETBUF-BUFDMOORE2-25|KXNFLRECYDS-26SEP17DETBUF-DETJWILLIAMS1-25|KXNFLPASSYDS-26SEP17DETBUF-DETJGOFF16-200|KXNFLRSHYDS-26SEP17DETBUF-DETJGIBBS0-50|KXNFLRECYDS-26SEP17DETBUF-BUFDKINCAID86-25|KXNFLRECYDS-26SEP17DETBUF-DETSLAPORTA87-25,86.2|84.7|82.9|81.7|80.3|78.3,31.1,3.21,2026-09-18T00:15:00+00:00
2026-09-17T02:16:50+00:00,2026-09-17-2LEG,2,Pittsburgh Panthers wins (Syracuse Orange @ Pittsburgh Panthers) | Iva Jović wins (Iva Jović @ Magdalena Frech),KXNCAAFGAME-26SEP17SYRPITT-PITT|KXWTAMATCH-26SEP17FREJOV-JOV,77.8|72.9,56.7,1.76,2026-09-17T23:30:00+00:00
2026-09-17T02:16:50+00:00,2026-09-17-3LEG,3,Pittsburgh Panthers wins (Syracuse Orange @ Pittsburgh Panthers) | Iva Jović wins (Iva Jović @ Magdalena Frech) | Tampa Bay Rays wins (Athletics @ Tampa Bay Rays),KXNCAAFGAME-26SEP17SYRPITT-PITT|KXWTAMATCH-26SEP17FREJOV-JOV|KXMLBGAME-26SEP171310ATHTB-TB,77.8|72.9|70.4,39.9,2.51,2026-09-17T23:30:00+00:00
2026-09-17T02:16:50+00:00,2026-09-17-TEAM1,5,Jameson Williams 25+ receiving yards (Detroit Lions @ Buffalo Bills) | Jared Goff 200+ passing yards (Detroit Lions @ Buffalo Bills) | Jahmyr Gibbs 50+ rushing yards (Detroit Lions @ Buffalo Bills) | Sam LaPorta 25+ receiving yards (Detroit Lions @ Buffalo Bills) | Amon-Ra St. Brown 50+ receiving yards (Detroit Lions @ Buffalo Bills),KXNFLRECYDS-26SEP17DETBUF-DETJWILLIAMS1-25|KXNFLPASSYDS-26SEP17DETBUF-DETJGOFF16-200|KXNFLRSHYDS-26SEP17DETBUF-DETJGIBBS0-50|KXNFLRECYDS-26SEP17DETBUF-DETSLAPORTA87-25|KXNFLRECYDS-26SEP17DETBUF-DETASTBROWN14-50,84.7|82.9|81.7|78.3|78.0,35.1,2.85,2026-09-18T00:15:00+00:00
2026-09-17T02:16:50+00:00,2026-09-17-TEAM2,4,DJ Moore 25+ receiving yards (Detroit Lions @ Buffalo Bills) | Dalton Kincaid 25+ receiving yards (Detroit Lions @ Buffalo Bills) | Josh Allen 200+ passing yards (Detroit Lions @ Buffalo Bills) | Khalil Shakir 25+ receiving yards (Detroit Lions @ Buffalo Bills),KXNFLRECYDS-26SEP17DETBUF-BUFDMOORE2-25|KXNFLRECYDS-26SEP17DETBUF-BUFDKINCAID86-25|KXNFLPASSYDS-26SEP17DETBUF-BUFJALLEN17-200|KXNFLRECYDS-26SEP17DETBUF-BUFKSHAKIR10-25,86.2|80.3|77.5|76.4,41.0,2.44,2026-09-18T00:15:00+00:00
2026-09-17T02:16:50+00:00,2026-09-17-GAME1,6,DJ Moore 25+ receiving yards (Detroit Lions @ Buffalo Bills) | Jameson Williams 25+ receiving yards (Detroit Lions @ Buffalo Bills) | Jared Goff 200+ passing yards (Detroit Lions @ Buffalo Bills) | Jahmyr Gibbs 50+ rushing yards (Detroit Lions @ Buffalo Bills) | Dalton Kincaid 25+ receiving yards (Detroit Lions @ Buffalo Bills) | Sam LaPorta 25+ receiving yards (Detroit Lions @ Buffalo Bills),KXNFLRECYDS-26SEP17DETBUF-BUFDMOORE2-25|KXNFLRECYDS-26SEP17DETBUF-DETJWILLIAMS1-25|KXNFLPASSYDS-26SEP17DETBUF-DETJGOFF16-200|KXNFLRSHYDS-26SEP17DETBUF-DETJGIBBS0-50|KXNFLRECYDS-26SEP17DETBUF-BUFDKINCAID86-25|KXNFLRECYDS-26SEP17DETBUF-DETSLAPORTA87-25,86.2|84.7|82.9|81.7|80.3|78.3,31.1,3.21,2026-09-18T00:15:00+00:00
2026-09-17T13:37:20+00:00,2026-09-17-2LEG,2,Pittsburgh Panthers wins (Syracuse Orange @ Pittsburgh Panthers) | Marta Kostyuk wins (Liudmila Samsonova @ Marta Kostyuk),KXNCAAFGAME-26SEP17SYRPITT-PITT|KXWTAMATCH-26SEP17KOSSAM-KOS,77.8|75.7,58.9,1.7,2026-09-17T23:30:00+00:00
2026-09-17T13:37:20+00:00,2026-09-17-3LEG,3,Pittsburgh Panthers wins (Syracuse Orange @ Pittsburgh Panthers) | Marta Kostyuk wins (Liudmila Samsonova @ Marta Kostyuk) | Iva Jović wins (Iva Jović @ Magdalena Frech),KXNCAAFGAME-26SEP17SYRPITT-PITT|KXWTAMATCH-26SEP17KOSSAM-KOS|KXWTAMATCH-26SEP17FREJOV-JOV,77.8|75.7|72.9,43.0,2.33,2026-09-17T23:30:00+00:00
2026-09-17T13:37:20+00:00,2026-09-17-4LEG,4,Pittsburgh Panthers wins (Syracuse Orange @ Pittsburgh Panthers) | Marta Kostyuk wins (Liudmila Samsonova @ Marta Kostyuk) | Iva Jović wins (Iva Jović @ Magdalena Frech) | Tampa Bay Rays wins (Athletics @ Tampa Bay Rays),KXNCAAFGAME-26SEP17SYRPITT-PITT|KXWTAMATCH-26SEP17KOSSAM-KOS|KXWTAMATCH-26SEP17FREJOV-JOV|KXMLBGAME-26SEP171310ATHTB-TB,77.8|75.7|72.9|70.6,30.3,3.3,2026-09-17T23:30:00+00:00
2026-09-17T13:37:20+00:00,2026-09-17-TEAM1,5,Jahmyr Gibbs 50+ rushing yards (Detroit Lions @ Buffalo Bills) | Jameson Williams 25+ receiving yards (Detroit Lions @ Buffalo Bills) | Jared Goff 200+ passing yards (Detroit Lions @ Buffalo Bills) | Amon-Ra St. Brown 50+ receiving yards (Detroit Lions @ Buffalo Bills) | Sam LaPorta 25+ receiving yards (Detroit Lions @ Buffalo Bills),KXNFLRSHYDS-26SEP17DETBUF-DETJGIBBS0-50|KXNFLRECYDS-26SEP17DETBUF-DETJWILLIAMS1-25|KXNFLPASSYDS-26SEP17DETBUF-DETJGOFF16-200|KXNFLRECYDS-26SEP17DETBUF-DETASTBROWN14-50|KXNFLRECYDS-26SEP17DETBUF-DETSLAPORTA87-25,83.2|82.5|82.2|79.0|78.3,34.9,2.87,2026-09-18T00:15:00+00:00
2026-09-17T13:37:20+00:00,2026-09-17-TEAM2,4,DJ Moore 25+ receiving yards (Detroit Lions @ Buffalo Bills) | Dalton Kincaid 25+ receiving yards (Detroit Lions @ Buffalo Bills) | Josh Allen 200+ passing yards (Detroit Lions @ Buffalo Bills) | Khalil Shakir 25+ receiving yards (Detroit Lions @ Buffalo Bills),KXNFLRECYDS-26SEP17DETBUF-BUFDMOORE2-25|KXNFLRECYDS-26SEP17DETBUF-BUFDKINCAID86-25|KXNFLPASSYDS-26SEP17DETBUF-BUFJALLEN17-200|KXNFLRECYDS-26SEP17DETBUF-BUFKSHAKIR10-25,86.2|81.7|77.5|75.8,41.4,2.42,2026-09-18T00:15:00+00:00
2026-09-17T13:37:20+00:00,2026-09-17-GAME1,6,DJ Moore 25+ receiving yards (Detroit Lions @ Buffalo Bills) | Jahmyr Gibbs 50+ rushing yards (Detroit Lions @ Buffalo Bills) | Jameson Williams 25+ receiving yards (Detroit Lions @ Buffalo Bills) | Jared Goff 200+ passing yards (Detroit Lions @ Buffalo Bills) | Dalton Kincaid 25+ receiving yards (Detroit Lions @ Buffalo Bills) | Amon-Ra St. Brown 50+ receiving yards (Detroit Lions @ Buffalo Bills),KXNFLRECYDS-26SEP17DETBUF-BUFDMOORE2-25|KXNFLRSHYDS-26SEP17DETBUF-DETJGIBBS0-50|KXNFLRECYDS-26SEP17DETBUF-DETJWILLIAMS1-25|KXNFLPASSYDS-26SEP17DETBUF-DETJGOFF16-200|KXNFLRECYDS-26SEP17DETBUF-BUFDKINCAID86-25|KXNFLRECYDS-26SEP17DETBUF-DETASTBROWN14-50,86.2|83.2|82.5|82.2|81.7|79.0,31.3,3.19,2026-09-18T00:15:00+00:00
2026-09-17T17:39:26+00:00,2026-09-17-2LEG,2,Pittsburgh Panthers wins (Syracuse Orange @ Pittsburgh Panthers) | Marta Kostyuk wins (Liudmila Samsonova @ Marta Kostyuk),KXNCAAFGAME-26SEP17SYRPITT-PITT|KXWTAMATCH-26SEP17KOSSAM-KOS,77.8|76.2,59.2,1.69,2026-09-17T23:30:00+00:00
2026-09-17T17:39:26+00:00,2026-09-17-3LEG,3,Pittsburgh Panthers wins (Syracuse Orange @ Pittsburgh Panthers) | Marta Kostyuk wins (Liudmila Samsonova @ Marta Kostyuk) | Iva Jović wins (Iva Jović @ Magdalena Frech),KXNCAAFGAME-26SEP17SYRPITT-PITT|KXWTAMATCH-26SEP17KOSSAM-KOS|KXWTAMATCH-26SEP17FREJOV-JOV,77.8|76.2|72.9,43.2,2.31,2026-09-17T23:30:00+00:00
2026-09-17T17:39:26+00:00,2026-09-17-TEAM1,5,Jameson Williams 25+ receiving yards (Detroit Lions @ Buffalo Bills) | Jared Goff 200+ passing yards (Detroit Lions @ Buffalo Bills) | Amon-Ra St. Brown 50+ receiving yards (Detroit Lions @ Buffalo Bills) | Sam LaPorta 25+ receiving yards (Detroit Lions @ Buffalo Bills) | Jahmyr Gibbs 60+ rushing yards (Detroit Lions @ Buffalo Bills),KXNFLRECYDS-26SEP17DETBUF-DETJWILLIAMS1-25|KXNFLPASSYDS-26SEP17DETBUF-DETJGOFF16-200|KXNFLRECYDS-26SEP17DETBUF-DETASTBROWN14-50|KXNFLRECYDS-26SEP17DETBUF-DETSLAPORTA87-25|KXNFLRSHYDS-26SEP17DETBUF-DETJGIBBS0-60,82.5|79.6|79.3|78.3|75.2,30.6,3.26,2026-09-18T00:15:00+00:00
2026-09-17T17:39:26+00:00,2026-09-17-TEAM2,4,DJ Moore 25+ receiving yards (Detroit Lions @ Buffalo Bills) | Dalton Kincaid 25+ receiving yards (Detroit Lions @ Buffalo Bills) | Josh Allen 15+ rushing yards (Detroit Lions @ Buffalo Bills) | Khalil Shakir 25+ receiving yards (Detroit Lions @ Buffalo Bills),KXNFLRECYDS-26SEP17DETBUF-BUFDMOORE2-25|KXNFLRECYDS-26SEP17DETBUF-BUFDKINCAID86-25|KXNFLRSHYDS-26SEP17DETBUF-BUFJALLEN17-15|KXNFLRECYDS-26SEP17DETBUF-BUFKSHAKIR10-25,86.2|81.7|81.5|75.8,43.5,2.3,2026-09-18T00:15:00+00:00
2026-09-17T17:39:26+00:00,2026-09-17-GAME1,6,DJ Moore 25+ receiving yards (Detroit Lions @ Buffalo Bills) | Jameson Williams 25+ receiving yards (Detroit Lions @ Buffalo Bills) | Dalton Kincaid 25+ receiving yards (Detroit Lions @ Buffalo Bills) | Josh Allen 15+ rushing yards (Detroit Lions @ Buffalo Bills) | Jared Goff 200+ passing yards (Detroit Lions @ Buffalo Bills) | Amon-Ra St. Brown 50+ receiving yards (Detroit Lions @ Buffalo Bills),KXNFLRECYDS-26SEP17DETBUF-BUFDMOORE2-25|KXNFLRECYDS-26SEP17DETBUF-DETJWILLIAMS1-25|KXNFLRECYDS-26SEP17DETBUF-BUFDKINCAID86-25|KXNFLRSHYDS-26SEP17DETBUF-BUFJALLEN17-15|KXNFLPASSYDS-26SEP17DETBUF-DETJGOFF16-200|KXNFLRECYDS-26SEP17DETBUF-DETASTBROWN14-50,86.2|82.5|81.7|81.5|79.6|79.3,29.8,3.35,2026-09-18T00:15:00+00:00
2026-09-17T19:02:31+00:00,2026-09-17-2LEG,2,Pittsburgh Panthers wins (Syracuse Orange @ Pittsburgh Panthers) | Marta Kostyuk wins (Liudmila Samsonova @ Marta Kostyuk),KXNCAAFGAME-26SEP17SYRPITT-PITT|KXWTAMATCH-26SEP17KOSSAM-KOS,77.6|76.1,59.0,1.69,2026-09-17T23:30:00+00:00
2026-09-17T19:02:31+00:00,2026-09-17-3LEG,3,Pittsburgh Panthers wins (Syracuse Orange @ Pittsburgh Panthers) | Marta Kostyuk wins (Liudmila Samsonova @ Marta Kostyuk) | Texas Tech Red Raiders wins (Houston Cougars @ Texas Tech Red Raiders),KXNCAAFGAME-26SEP17SYRPITT-PITT|KXWTAMATCH-26SEP17KOSSAM-KOS|KXNCAAFGAME-26SEP18HOUTTU-TTU,77.6|76.1|73.4,43.3,2.31,2026-09-19T00:00:00+00:00
2026-09-17T19:02:31+00:00,2026-09-17-4LEG,4,Pittsburgh Panthers wins (Syracuse Orange @ Pittsburgh Panthers) | Marta Kostyuk wins (Liudmila Samsonova @ Marta Kostyuk) | Texas Tech Red Raiders wins (Houston Cougars @ Texas Tech Red Raiders) | Iva Jović wins (Iva Jović @ Magdalena Frech),KXNCAAFGAME-26SEP17SYRPITT-PITT|KXWTAMATCH-26SEP17KOSSAM-KOS|KXNCAAFGAME-26SEP18HOUTTU-TTU|KXWTAMATCH-26SEP17FREJOV-JOV,77.6|76.1|73.4|72.7,31.5,3.17,2026-09-19T00:00:00+00:00
2026-09-17T19:02:31+00:00,2026-09-17-TEAM1,5,Jahmyr Gibbs 50+ rushing yards (Detroit Lions @ Buffalo Bills) | Jameson Williams 25+ receiving yards (Detroit Lions @ Buffalo Bills) | Jared Goff 200+ passing yards (Detroit Lions @ Buffalo Bills) | Amon-Ra St. Brown 50+ receiving yards (Detroit Lions @ Buffalo Bills) | Sam LaPorta 25+ receiving yards (Detroit Lions @ Buffalo Bills),KXNFLRSHYDS-26SEP17DETBUF-DETJGIBBS0-50|KXNFLRECYDS-26SEP17DETBUF-DETJWILLIAMS1-25|KXNFLPASSYDS-26SEP17DETBUF-DETJGOFF16-200|KXNFLRECYDS-26SEP17DETBUF-DETASTBROWN14-50|KXNFLRECYDS-26SEP17DETBUF-DETSLAPORTA87-25,83.2|82.5|79.6|79.0|78.3,33.8,2.96,2026-09-18T00:15:00+00:00
2026-09-17T19:02:31+00:00,2026-09-17-TEAM2,4,DJ Moore 25+ receiving yards (Detroit Lions @ Buffalo Bills) | Dalton Kincaid 25+ receiving yards (Detroit Lions @ Buffalo Bills) | Josh Allen 15+ rushing yards (Detroit Lions @ Buffalo Bills) | Khalil Shakir 25+ receiving yards (Detroit Lions @ Buffalo Bills),KXNFLRECYDS-26SEP17DETBUF-BUFDMOORE2-25|KXNFLRECYDS-26SEP17DETBUF-BUFDKINCAID86-25|KXNFLRSHYDS-26SEP17DETBUF-BUFJALLEN17-15|KXNFLRECYDS-26SEP17DETBUF-BUFKSHAKIR10-25,87.0|81.7|81.7|75.8,44.1,2.27,2026-09-18T00:15:00+00:00
2026-09-17T19:02:31+00:00,2026-09-17-GAME1,6,DJ Moore 25+ receiving yards (Detroit Lions @ Buffalo Bills) | Jahmyr Gibbs 50+ rushing yards (Detroit Lions @ Buffalo Bills) | Jameson Williams 25+ receiving yards (Detroit Lions @ Buffalo Bills) | Dalton Kincaid 25+ receiving yards (Detroit Lions @ Buffalo Bills) | Josh Allen 15+ rushing yards (Detroit Lions @ Buffalo Bills) | Jared Goff 200+ passing yards (Detroit Lions @ Buffalo Bills),KXNFLRECYDS-26SEP17DETBUF-BUFDMOORE2-25|KXNFLRSHYDS-26SEP17DETBUF-DETJGIBBS0-50|KXNFLRECYDS-26SEP17DETBUF-DETJWILLIAMS1-25|KXNFLRECYDS-26SEP17DETBUF-BUFDKINCAID86-25|KXNFLRSHYDS-26SEP17DETBUF-BUFJALLEN17-15|KXNFLPASSYDS-26SEP17DETBUF-DETJGOFF16-200,87.0|83.2|82.5|81.7|81.7|79.6,31.7,3.15,2026-09-18T00:15:00+00:00
2026-09-17T19:06:23+00:00,2026-09-17-2LEG,2,Pittsburgh Panthers wins (Syracuse Orange @ Pittsburgh Panthers) | Marta Kostyuk wins (Liudmila Samsonova @ Marta Kostyuk),KXNCAAFGAME-26SEP17SYRPITT-PITT|KXWTAMATCH-26SEP17KOSSAM-KOS,77.6|76.1,59.0,1.69,2026-09-17T23:30:00+00:00
2026-09-17T19:06:23+00:00,2026-09-17-3LEG,3,Pittsburgh Panthers wins (Syracuse Orange @ Pittsburgh Panthers) | Marta Kostyuk wins (Liudmila Samsonova @ Marta Kostyuk) | Texas Tech Red Raiders wins (Houston Cougars @ Texas Tech Red Raiders),KXNCAAFGAME-26SEP17SYRPITT-PITT|KXWTAMATCH-26SEP17KOSSAM-KOS|KXNCAAFGAME-26SEP18HOUTTU-TTU,77.6|76.1|73.4,43.3,2.31,2026-09-19T00:00:00+00:00
2026-09-17T19:06:23+00:00,2026-09-17-4LEG,4,Pittsburgh Panthers wins (Syracuse Orange @ Pittsburgh Panthers) | Marta Kostyuk wins (Liudmila Samsonova @ Marta Kostyuk) | Texas Tech Red Raiders wins (Houston Cougars @ Texas Tech Red Raiders) | Iva Jović wins (Iva Jović @ Magdalena Frech),KXNCAAFGAME-26SEP17SYRPITT-PITT|KXWTAMATCH-26SEP17KOSSAM-KOS|KXNCAAFGAME-26SEP18HOUTTU-TTU|KXWTAMATCH-26SEP17FREJOV-JOV,77.6|76.1|73.4|72.8,31.6,3.17,2026-09-19T00:00:00+00:00
2026-09-17T19:06:23+00:00,2026-09-17-TEAM1,5,Jahmyr Gibbs 50+ rushing yards (Detroit Lions @ Buffalo Bills) | Jameson Williams 25+ receiving yards (Detroit Lions @ Buffalo Bills) | Jared Goff 200+ passing yards (Detroit Lions @ Buffalo Bills) | Amon-Ra St. Brown 50+ receiving yards (Detroit Lions @ Buffalo Bills) | Sam LaPorta 25+ receiving yards (Detroit Lions @ Buffalo Bills),KXNFLRSHYDS-26SEP17DETBUF-DETJGIBBS0-50|KXNFLRECYDS-26SEP17DETBUF-DETJWILLIAMS1-25|KXNFLPASSYDS-26SEP17DETBUF-DETJGOFF16-200|KXNFLRECYDS-26SEP17DETBUF-DETASTBROWN14-50|KXNFLRECYDS-26SEP17DETBUF-DETSLAPORTA87-25,83.2|82.5|79.6|79.0|78.3,33.8,2.96,2026-09-18T00:15:00+00:00
2026-09-17T19:06:23+00:00,2026-09-17-TEAM2,4,DJ Moore 25+ receiving yards (Detroit Lions @ Buffalo Bills) | Dalton Kincaid 25+ receiving yards (Detroit Lions @ Buffalo Bills) | Josh Allen 15+ rushing yards (Detroit Lions @ Buffalo Bills) | Khalil Shakir 25+ receiving yards (Detroit Lions @ Buffalo Bills),KXNFLRECYDS-26SEP17DETBUF-BUFDMOORE2-25|KXNFLRECYDS-26SEP17DETBUF-BUFDKINCAID86-25|KXNFLRSHYDS-26SEP17DETBUF-BUFJALLEN17-15|KXNFLRECYDS-26SEP17DETBUF-BUFKSHAKIR10-25,87.0|81.7|81.7|75.8,44.1,2.27,2026-09-18T00:15:00+00:00
2026-09-17T19:06:23+00:00,2026-09-17-GAME1,6,DJ Moore 25+ receiving yards (Detroit Lions @ Buffalo Bills) | Jahmyr Gibbs 50+ rushing yards (Detroit Lions @ Buffalo Bills) | Jameson Williams 25+ receiving yards (Detroit Lions @ Buffalo Bills) | Dalton Kincaid 25+ receiving yards (Detroit Lions @ Buffalo Bills) | Josh Allen 15+ rushing yards (Detroit Lions @ Buffalo Bills) | Jared Goff 200+ passing yards (Detroit Lions @ Buffalo Bills),KXNFLRECYDS-26SEP17DETBUF-BUFDMOORE2-25|KXNFLRSHYDS-26SEP17DETBUF-DETJGIBBS0-50|KXNFLRECYDS-26SEP17DETBUF-DETJWILLIAMS1-25|KXNFLRECYDS-26SEP17DETBUF-BUFDKINCAID86-25|KXNFLRSHYDS-26SEP17DETBUF-BUFJALLEN17-15|KXNFLPASSYDS-26SEP17DETBUF-DETJGOFF16-200,87.0|83.2|82.5|81.7|81.7|79.6,31.7,3.15,2026-09-18T00:15:00+00:00
2026-09-17T21:30:47+00:00,2026-09-17-2LEG,2,Pittsburgh Panthers wins (Syracuse Orange @ Pittsburgh Panthers) | Marta Kostyuk wins (Liudmila Samsonova @ Marta Kostyuk),KXNCAAFGAME-26SEP17SYRPITT-PITT|KXWTAMATCH-26SEP17KOSSAM-KOS,77.2|76.5,59.1,1.69,2026-09-17T23:30:00+00:00
2026-09-17T21:30:47+00:00,2026-09-17-3LEG,3,Pittsburgh Panthers wins (Syracuse Orange @ Pittsburgh Panthers) | Marta Kostyuk wins (Liudmila Samsonova @ Marta Kostyuk) | Texas Tech Red Raiders wins (Houston Cougars @ Texas Tech Red Raiders),KXNCAAFGAME-26SEP17SYRPITT-PITT|KXWTAMATCH-26SEP17KOSSAM-KOS|KXNCAAFGAME-26SEP18HOUTTU-TTU,77.2|76.5|73.4,43.4,2.31,2026-09-19T00:00:00+00:00
2026-09-17T21:30:47+00:00,2026-09-17-4LEG,4,Pittsburgh Panthers wins (Syracuse Orange @ Pittsburgh Panthers) | Marta Kostyuk wins (Liudmila Samsonova @ Marta Kostyuk) | Texas Tech Red Raiders wins (Houston Cougars @ Texas Tech Red Raiders) | Los Angeles Dodgers wins (San Francisco Giants @ Los Angeles Dodgers),KXNCAAFGAME-26SEP17SYRPITT-PITT|KXWTAMATCH-26SEP17KOSSAM-KOS|KXNCAAFGAME-26SEP18HOUTTU-TTU|KXMLBGAME-26SEP182215SFLAD-LAD,77.2|76.5|73.4|72.9,31.6,3.16,2026-09-19T02:15:00+00:00
2026-09-17T21:30:47+00:00,2026-09-17-TEAM1,5,Jahmyr Gibbs 50+ rushing yards (Detroit Lions @ Buffalo Bills) | Jameson Williams 25+ receiving yards (Detroit Lions @ Buffalo Bills) | Jared Goff 200+ passing yards (Detroit Lions @ Buffalo Bills) | Amon-Ra St. Brown 50+ receiving yards (Detroit Lions @ Buffalo Bills) | Sam LaPorta 25+ receiving yards (Detroit Lions @ Buffalo Bills),KXNFLRSHYDS-26SEP17DETBUF-DETJGIBBS0-50|KXNFLRECYDS-26SEP17DETBUF-DETJWILLIAMS1-25|KXNFLPASSYDS-26SEP17DETBUF-DETJGOFF16-200|KXNFLRECYDS-26SEP17DETBUF-DETASTBROWN14-50|KXNFLRECYDS-26SEP17DETBUF-DETSLAPORTA87-25,83.2|82.5|79.4|79.0|78.3,33.7,2.97,2026-09-18T00:15:00+00:00
2026-09-17T21:30:47+00:00,2026-09-17-TEAM2,4,DJ Moore 25+ receiving yards (Detroit Lions @ Buffalo Bills) | Josh Allen 15+ rushing yards (Detroit Lions @ Buffalo Bills) | Dalton Kincaid 25+ receiving yards (Detroit Lions @ Buffalo Bills) | Khalil Shakir 25+ receiving yards (Detroit Lions @ Buffalo Bills),KXNFLRECYDS-26SEP17DETBUF-BUFDMOORE2-25|KXNFLRSHYDS-26SEP17DETBUF-BUFJALLEN17-15|KXNFLRECYDS-26SEP17DETBUF-BUFDKINCAID86-25|KXNFLRECYDS-26SEP17DETBUF-BUFKSHAKIR10-25,86.2|82.9|80.3|75.8,43.5,2.3,2026-09-18T00:15:00+00:00
2026-09-17T21:30:47+00:00,2026-09-17-GAME1,6,DJ Moore 25+ receiving yards (Detroit Lions @ Buffalo Bills) | Jahmyr Gibbs 50+ rushing yards (Detroit Lions @ Buffalo Bills) | Josh Allen 15+ rushing yards (Detroit Lions @ Buffalo Bills) | Jameson Williams 25+ receiving yards (Detroit Lions @ Buffalo Bills) | Dalton Kincaid 25+ receiving yards (Detroit Lions @ Buffalo Bills) | Jared Goff 200+ passing yards (Detroit Lions @ Buffalo Bills),KXNFLRECYDS-26SEP17DETBUF-BUFDMOORE2-25|KXNFLRSHYDS-26SEP17DETBUF-DETJGIBBS0-50|KXNFLRSHYDS-26SEP17DETBUF-BUFJALLEN17-15|KXNFLRECYDS-26SEP17DETBUF-DETJWILLIAMS1-25|KXNFLRECYDS-26SEP17DETBUF-BUFDKINCAID86-25|KXNFLPASSYDS-26SEP17DETBUF-DETJGOFF16-200,86.2|83.2|82.9|82.5|80.3|79.4,31.3,3.2,2026-09-18T00:15:00+00:00
2026-09-18T00:28:16+00:00,2026-09-18-2LEG,2,Texas Tech Red Raiders wins (Houston Cougars @ Texas Tech Red Raiders) | Los Angeles Dodgers wins (San Francisco Giants @ Los Angeles Dodgers),KXNCAAFGAME-26SEP18HOUTTU-TTU|KXMLBGAME-26SEP182215SFLAD-LAD,73.3|72.9,53.4,1.87,2026-09-19T02:15:00+00:00
2026-09-18T13:36:28+00:00,2026-09-18-2LEG,2,Utah Utes wins (Utah State Aggies @ Utah Utes) | Minnesota Golden Gophers wins (Akron Zips @ Minnesota Golden Gophers),KXNCAAFGAME-26SEP19USUUTAH-UTAH|KXNCAAFGAME-26SEP19AKRMINN-MINN,95.4|93.6,89.2,1.12,2026-09-19T19:30:00+00:00
2026-09-18T13:36:28+00:00,2026-09-18-3LEG,3,Utah Utes wins (Utah State Aggies @ Utah Utes) | Minnesota Golden Gophers wins (Akron Zips @ Minnesota Golden Gophers) | Georgia Bulldogs wins (Georgia Bulldogs @ Arkansas Razorbacks),KXNCAAFGAME-26SEP19USUUTAH-UTAH|KXNCAAFGAME-26SEP19AKRMINN-MINN|KXNCAAFGAME-26SEP19UGAARK-UGA,95.4|93.6|93.3,83.2,1.2,2026-09-19T19:30:00+00:00
2026-09-18T13:36:28+00:00,2026-09-18-4LEG,4,Utah Utes wins (Utah State Aggies @ Utah Utes) | Minnesota Golden Gophers wins (Akron Zips @ Minnesota Golden Gophers) | Georgia Bulldogs wins (Georgia Bulldogs @ Arkansas Razorbacks) | Iowa State Cyclones wins (Bowling Green Falcons @ Iowa State Cyclones),KXNCAAFGAME-26SEP19USUUTAH-UTAH|KXNCAAFGAME-26SEP19AKRMINN-MINN|KXNCAAFGAME-26SEP19UGAARK-UGA|KXNCAAFGAME-26SEP19BGSUISU-ISU,95.4|93.6|93.3|92.6,77.1,1.3,2026-09-19T19:30:00+00:00
2026-09-18T13:36:28+00:00,2026-09-18-BOOST3,3,Utah Utes wins (Utah State Aggies @ Utah Utes) | Kansas State Wildcats wins (Tulane Green Wave @ Kansas State Wildcats) | Alabama Crimson Tide wins (Florida State Seminoles @ Alabama Crimson Tide),KXNCAAFGAME-26SEP19USUUTAH-UTAH|KXNCAAFGAME-26SEP19TULNKSU-KSU|KXNCAAFGAME-26SEP19FSUALA-ALA,95.4|89.9|89.8,77.0,1.3,2026-09-19T19:30:00+00:00
2026-09-18T13:36:28+00:00,2026-09-18-BOOST4,4,Utah Utes wins (Utah State Aggies @ Utah Utes) | Kansas State Wildcats wins (Tulane Green Wave @ Kansas State Wildcats) | Alabama Crimson Tide wins (Florida State Seminoles @ Alabama Crimson Tide) | Texas A&M Aggies wins (Kentucky Wildcats @ Texas A&M Aggies),KXNCAAFGAME-26SEP19USUUTAH-UTAH|KXNCAAFGAME-26SEP19TULNKSU-KSU|KXNCAAFGAME-26SEP19FSUALA-ALA|KXNCAAFGAME-26SEP19UKTXAM-TXAM,95.4|89.9|89.8|86.4,66.5,1.5,2026-09-19T19:30:00+00:00
2026-09-18T13:36:28+00:00,2026-09-18-BOOST5,5,Utah Utes wins (Utah State Aggies @ Utah Utes) | Kansas State Wildcats wins (Tulane Green Wave @ Kansas State Wildcats) | Alabama Crimson Tide wins (Florida State Seminoles @ Alabama Crimson Tide) | Texas A&M Aggies wins (Kentucky Wildcats @ Texas A&M Aggies) | Cincinnati Bearcats wins (Miami (OH) RedHawks @ Cincinnati Bearcats),KXNCAAFGAME-26SEP19USUUTAH-UTAH|KXNCAAFGAME-26SEP19TULNKSU-KSU|KXNCAAFGAME-26SEP19FSUALA-ALA|KXNCAAFGAME-26SEP19UKTXAM-TXAM|KXNCAAFGAME-26SEP19MOHCIN-CIN,95.4|89.9|89.8|86.4|84.9,56.5,1.77,2026-09-19T19:30:00+00:00
2026-09-18T13:36:28+00:00,2026-09-18-BOOST6,6,Utah Utes wins (Utah State Aggies @ Utah Utes) | Kansas State Wildcats wins (Tulane Green Wave @ Kansas State Wildcats) | Alabama Crimson Tide wins (Florida State Seminoles @ Alabama Crimson Tide) | Texas A&M Aggies wins (Kentucky Wildcats @ Texas A&M Aggies) | Cincinnati Bearcats wins (Miami (OH) RedHawks @ Cincinnati Bearcats) | Iva Jović wins (Iva Jović @ Cristina Bucsa),KXNCAAFGAME-26SEP19USUUTAH-UTAH|KXNCAAFGAME-26SEP19TULNKSU-KSU|KXNCAAFGAME-26SEP19FSUALA-ALA|KXNCAAFGAME-26SEP19UKTXAM-TXAM|KXNCAAFGAME-26SEP19MOHCIN-CIN|KXWTAMATCH-26SEP18BUCJOV-JOV,95.4|89.9|89.8|86.4|84.9|75.3,42.5,2.35,2026-09-19T19:30:00+00:00
2026-09-18T17:06:43+00:00,2026-09-18-2LEG,2,Utah Utes wins (Utah State Aggies @ Utah Utes) | Missouri Tigers wins (Troy Trojans @ Missouri Tigers),KXNCAAFGAME-26SEP19USUUTAH-UTAH|KXNCAAFGAME-26SEP19TROYMIZZ-MIZZ,95.4|94.5,90.1,1.11,2026-09-19T23:00:00+00:00
2026-09-18T17:06:43+00:00,2026-09-18-3LEG,3,Utah Utes wins (Utah State Aggies @ Utah Utes) | Missouri Tigers wins (Troy Trojans @ Missouri Tigers) | Minnesota Golden Gophers wins (Akron Zips @ Minnesota Golden Gophers),KXNCAAFGAME-26SEP19USUUTAH-UTAH|KXNCAAFGAME-26SEP19TROYMIZZ-MIZZ|KXNCAAFGAME-26SEP19AKRMINN-MINN,95.4|94.5|93.6,84.3,1.19,2026-09-19T23:00:00+00:00
2026-09-18T17:06:43+00:00,2026-09-18-4LEG,4,Utah Utes wins (Utah State Aggies @ Utah Utes) | Missouri Tigers wins (Troy Trojans @ Missouri Tigers) | Minnesota Golden Gophers wins (Akron Zips @ Minnesota Golden Gophers) | Georgia Bulldogs wins (Georgia Bulldogs @ Arkansas Razorbacks),KXNCAAFGAME-26SEP19USUUTAH-UTAH|KXNCAAFGAME-26SEP19TROYMIZZ-MIZZ|KXNCAAFGAME-26SEP19AKRMINN-MINN|KXNCAAFGAME-26SEP19UGAARK-UGA,95.4|94.5|93.6|93.3,78.6,1.27,2026-09-19T23:00:00+00:00
2026-09-18T17:06:43+00:00,2026-09-18-BOOST3,3,Utah Utes wins (Utah State Aggies @ Utah Utes) | Kansas State Wildcats wins (Tulane Green Wave @ Kansas State Wildcats) | Alabama Crimson Tide wins (Florida State Seminoles @ Alabama Crimson Tide),KXNCAAFGAME-26SEP19USUUTAH-UTAH|KXNCAAFGAME-26SEP19TULNKSU-KSU|KXNCAAFGAME-26SEP19FSUALA-ALA,95.4|89.9|89.8,77.0,1.3,2026-09-19T19:30:00+00:00
2026-09-18T17:06:43+00:00,2026-09-18-BOOST4,4,Utah Utes wins (Utah State Aggies @ Utah Utes) | Kansas State Wildcats wins (Tulane Green Wave @ Kansas State Wildcats) | Alabama Crimson Tide wins (Florida State Seminoles @ Alabama Crimson Tide) | Baylor Bears wins (Louisiana Tech Bulldogs @ Baylor Bears),KXNCAAFGAME-26SEP19USUUTAH-UTAH|KXNCAAFGAME-26SEP19TULNKSU-KSU|KXNCAAFGAME-26SEP19FSUALA-ALA|KXNCAAFGAME-26SEP19LTBAY-BAY,95.4|89.9|89.8|89.2,68.7,1.46,2026-09-19T20:00:00+00:00
2026-09-18T17:06:43+00:00,2026-09-18-BOOST5,5,Utah Utes wins (Utah State Aggies @ Utah Utes) | Kansas State Wildcats wins (Tulane Green Wave @ Kansas State Wildcats) | Alabama Crimson Tide wins (Florida State Seminoles @ Alabama Crimson Tide) | Baylor Bears wins (Louisiana Tech Bulldogs @ Baylor Bears) | Sam Houston State Bearkats wins (Nicholls State Colonels @ Sam Houston State Bearkats),KXNCAAFGAME-26SEP19USUUTAH-UTAH|KXNCAAFGAME-26SEP19TULNKSU-KSU|KXNCAAFGAME-26SEP19FSUALA-ALA|KXNCAAFGAME-26SEP19LTBAY-BAY|KXNCAAFGAME-26SEP19NICHSHSU-SHSU,95.4|89.9|89.8|89.2|88.6,60.9,1.64,2026-09-19T23:00:00+00:00
2026-09-18T17:06:43+00:00,2026-09-18-BOOST6,6,Utah Utes wins (Utah State Aggies @ Utah Utes) | Kansas State Wildcats wins (Tulane Green Wave @ Kansas State Wildcats) | Alabama Crimson Tide wins (Florida State Seminoles @ Alabama Crimson Tide) | Baylor Bears wins (Louisiana Tech Bulldogs @ Baylor Bears) | Sam Houston State Bearkats wins (Nicholls State Colonels @ Sam Houston State Bearkats) | UCF Knights wins (Georgia State Panthers @ UCF Knights),KXNCAAFGAME-26SEP19USUUTAH-UTAH|KXNCAAFGAME-26SEP19TULNKSU-KSU|KXNCAAFGAME-26SEP19FSUALA-ALA|KXNCAAFGAME-26SEP19LTBAY-BAY|KXNCAAFGAME-26SEP19NICHSHSU-SHSU|KXNCAAFGAME-26SEP19GASTUCF-UCF,95.4|89.9|89.8|89.2|88.6|88.1,53.6,1.87,2026-09-19T23:00:00+00:00
2026-09-18T18:33:30+00:00,2026-09-18-2LEG,2,Texas Longhorns wins (UTSA Roadrunners @ Texas Longhorns) | Utah Utes wins (Utah State Aggies @ Utah Utes),KXNCAAFGAME-26SEP19UTSATEX-TEX|KXNCAAFGAME-26SEP19USUUTAH-UTAH,95.6|95.2,90.9,1.1,2026-09-20T00:00:00+00:00
2026-09-18T18:33:30+00:00,2026-09-18-3LEG,3,Texas Longhorns wins (UTSA Roadrunners @ Texas Longhorns) | Utah Utes wins (Utah State Aggies @ Utah Utes) | Notre Dame Fighting Irish wins (Michigan State Spartans @ Notre Dame Fighting Irish),KXNCAAFGAME-26SEP19UTSATEX-TEX|KXNCAAFGAME-26SEP19USUUTAH-UTAH|KXNCAAFGAME-26SEP19MSUND-ND,95.6|95.2|95.0,86.3,1.16,2026-09-20T00:00:00+00:00
2026-09-18T18:33:30+00:00,2026-09-18-4LEG,4,Texas Longhorns wins (UTSA Roadrunners @ Texas Longhorns) | Utah Utes wins (Utah State Aggies @ Utah Utes) | Notre Dame Fighting Irish wins (Michigan State Spartans @ Notre Dame Fighting Irish) | Missouri Tigers wins (Troy Trojans @ Missouri Tigers),KXNCAAFGAME-26SEP19UTSATEX-TEX|KXNCAAFGAME-26SEP19USUUTAH-UTAH|KXNCAAFGAME-26SEP19MSUND-ND|KXNCAAFGAME-26SEP19TROYMIZZ-MIZZ,95.6|95.2|95.0|94.5,81.6,1.23,2026-09-20T00:00:00+00:00
2026-09-18T18:33:30+00:00,2026-09-18-BOOST3,3,Texas Longhorns wins (UTSA Roadrunners @ Texas Longhorns) | Kansas State Wildcats wins (Tulane Green Wave @ Kansas State Wildcats) | Alabama Crimson Tide wins (Florida State Seminoles @ Alabama Crimson Tide),KXNCAAFGAME-26SEP19UTSATEX-TEX|KXNCAAFGAME-26SEP19TULNKSU-KSU|KXNCAAFGAME-26SEP19FSUALA-ALA,95.6|89.9|89.8,77.1,1.3,2026-09-20T00:00:00+00:00
2026-09-18T18:33:30+00:00,2026-09-18-BOOST4,4,Texas Longhorns wins (UTSA Roadrunners @ Texas Longhorns) | Kansas State Wildcats wins (Tulane Green Wave @ Kansas State Wildcats) | Alabama Crimson Tide wins (Florida State Seminoles @ Alabama Crimson Tide) | TCU Horned Frogs wins (Arkansas State Red Wolves @ TCU Horned Frogs),KXNCAAFGAME-26SEP19UTSATEX-TEX|KXNCAAFGAME-26SEP19TULNKSU-KSU|KXNCAAFGAME-26SEP19FSUALA-ALA|KXNCAAFGAME-26SEP19ARSTTCU-TCU,95.6|89.9|89.8|89.3,68.8,1.45,2026-09-20T00:00:00+00:00
2026-09-18T18:33:30+00:00,2026-09-18-BOOST5,5,Texas Longhorns wins (UTSA Roadrunners @ Texas Longhorns) | Kansas State Wildcats wins (Tulane Green Wave @ Kansas State Wildcats) | Alabama Crimson Tide wins (Florida State Seminoles @ Alabama Crimson Tide) | TCU Horned Frogs wins (Arkansas State Red Wolves @ TCU Horned Frogs) | Baylor Bears wins (Louisiana Tech Bulldogs @ Baylor Bears),KXNCAAFGAME-26SEP19UTSATEX-TEX|KXNCAAFGAME-26SEP19TULNKSU-KSU|KXNCAAFGAME-26SEP19FSUALA-ALA|KXNCAAFGAME-26SEP19ARSTTCU-TCU|KXNCAAFGAME-26SEP19LTBAY-BAY,95.6|89.9|89.8|89.3|89.2,61.4,1.63,2026-09-20T00:00:00+00:00
2026-09-18T18:33:30+00:00,2026-09-18-BOOST6,6,Texas Longhorns wins (UTSA Roadrunners @ Texas Longhorns) | Kansas State Wildcats wins (Tulane Green Wave @ Kansas State Wildcats) | Alabama Crimson Tide wins (Florida State Seminoles @ Alabama Crimson Tide) | TCU Horned Frogs wins (Arkansas State Red Wolves @ TCU Horned Frogs) | Baylor Bears wins (Louisiana Tech Bulldogs @ Baylor Bears) | Sam Houston State Bearkats wins (Nicholls State Colonels @ Sam Houston State Bearkats),KXNCAAFGAME-26SEP19UTSATEX-TEX|KXNCAAFGAME-26SEP19TULNKSU-KSU|KXNCAAFGAME-26SEP19FSUALA-ALA|KXNCAAFGAME-26SEP19ARSTTCU-TCU|KXNCAAFGAME-26SEP19LTBAY-BAY|KXNCAAFGAME-26SEP19NICHSHSU-SHSU,95.6|89.9|89.8|89.3|89.2|88.6,54.4,1.84,2026-09-20T00:00:00+00:00
2026-09-18T18:33:30+00:00,2026-09-18-SLATE1,4,Minnesota Golden Gophers wins (Akron Zips @ Minnesota Golden Gophers) | Nebraska Cornhuskers wins (North Dakota Fighting Hawks @ Nebraska Cornhuskers) | Georgia Bulldogs wins (Georgia Bulldogs @ Arkansas Razorbacks) | Iowa State Cyclones wins (Bowling Green Falcons @ Iowa State Cyclones),KXNCAAFGAME-26SEP19AKRMINN-MINN|KXNCAAFGAME-26SEP19UNDNEB-NEB|KXNCAAFGAME-26SEP19UGAARK-UGA|KXNCAAFGAME-26SEP19BGSUISU-ISU,93.6|93.6|93.3|92.6,75.6,1.32,2026-09-19T23:15:00+00:00
2026-09-18T18:33:30+00:00,2026-09-18-SLATE2,4,Wisconsin Badgers wins (Eastern Michigan Eagles @ Wisconsin Badgers) | USC Trojans wins (USC Trojans @ Rutgers Scarlet Knights) | Oklahoma Sooners wins (New Mexico Lobos @ Oklahoma Sooners) | Kansas State Wildcats wins (Tulane Green Wave @ Kansas State Wildcats),KXNCAAFGAME-26SEP19EMUWIS-WIS|KXNCAAFGAME-26SEP19USCRUTG-USC|KXNCAAFGAME-26SEP19UNMOKLA-OKLA|KXNCAAFGAME-26SEP19TULNKSU-KSU,92.6|92.0|91.8|89.9,70.2,1.42,2026-09-19T23:30:00+00:00
2026-09-18T18:33:30+00:00,2026-09-18-SLATE3,4,Alabama Crimson Tide wins (Florida State Seminoles @ Alabama Crimson Tide) | TCU Horned Frogs wins (Arkansas State Red Wolves @ TCU Horned Frogs) | Baylor Bears wins (Louisiana Tech Bulldogs @ Baylor Bears) | Sam Houston State Bearkats wins (Nicholls State Colonels @ Sam Houston State Bearkats),KXNCAAFGAME-26SEP19FSUALA-ALA|KXNCAAFGAME-26SEP19ARSTTCU-TCU|KXNCAAFGAME-26SEP19LTBAY-BAY|KXNCAAFGAME-26SEP19NICHSHSU-SHSU,89.8|89.3|89.2|88.6,63.4,1.58,2026-09-20T00:00:00+00:00
2026-09-18T18:33:30+00:00,2026-09-18-SLATE4,4,UCF Knights wins (Georgia State Panthers @ UCF Knights) | Appalachian State Mountaineers wins (Charlotte 49ers @ Appalachian State Mountaineers) | BYU Cougars wins (BYU Cougars @ Colorado State Rams) | Texas A&M Aggies wins (Kentucky Wildcats @ Texas A&M Aggies),KXNCAAFGAME-26SEP19GASTUCF-UCF|KXNCAAFGAME-26SEP19CHARAPP-APP|KXNCAAFGAME-26SEP19BYUCSU-BYU|KXNCAAFGAME-26SEP19UKTXAM-TXAM,88.1|88.0|88.0|86.4,59.0,1.7,2026-09-19T23:30:00+00:00
2026-09-18T18:33:30+00:00,2026-09-18-SLATE5,4,Cincinnati Bearcats wins (Miami (OH) RedHawks @ Cincinnati Bearcats) | Liberty Flames wins (Ball State Cardinals @ Liberty Flames) | Virginia Cavaliers wins (Virginia Cavaliers @ West Virginia Mountaineers) | Duke Blue Devils wins (Stanford Cardinal @ Duke Blue Devils),KXNCAAFGAME-26SEP19MOHCIN-CIN|KXNCAAFGAME-26SEP19BALLLIB-LIB|KXNCAAFGAME-26SEP19WVUUVA-UVA|KXNCAAFGAME-26SEP19STANDUKE-DUKE,84.9|83.7|77.2|76.6,42.0,2.38,2026-09-19T23:30:00+00:00
2026-09-18T18:33:30+00:00,2026-09-18-SLATE6,4,Iva Jović wins (Iva Jović @ Cristina Bucsa) | Western Michigan Broncos wins (Western Michigan Broncos @ Rice Owls) | Texas Tech Red Raiders wins (Houston Cougars @ Texas Tech Red Raiders) | Louisiana Ragin Cajuns wins (UAB Blazers @ Louisiana Ragin Cajuns),KXWTAMATCH-26SEP18BUCJOV-JOV|KXNCAAFGAME-26SEP19WMURICE-WMU|KXNCAAFGAME-26SEP18HOUTTU-TTU|KXNCAAFGAME-26SEP19UABULL-ULL,76.0|74.9|73.2|72.7,30.3,3.3,2026-09-20T00:00:00+00:00
2026-09-18T20:59:59+00:00,2026-09-18-2LEG,2,Texas Longhorns wins (UTSA Roadrunners @ Texas Longhorns) | North Dakota State Bison wins (North Dakota State Bison @ Sacramento State Hornets),KXNCAAFGAME-26SEP19UTSATEX-TEX|KXNCAAFGAME-26SEP19NDSUSAC-NDSU,95.6|95.4,91.1,1.1,2026-09-20T02:30:00+00:00
2026-09-18T20:59:59+00:00,2026-09-18-3LEG,3,Texas Longhorns wins (UTSA Roadrunners @ Texas Longhorns) | North Dakota State Bison wins (North Dakota State Bison @ Sacramento State Hornets) | Notre Dame Fighting Irish wins (Michigan State Spartans @ Notre Dame Fighting Irish),KXNCAAFGAME-26SEP19UTSATEX-TEX|KXNCAAFGAME-26SEP19NDSUSAC-NDSU|KXNCAAFGAME-26SEP19MSUND-ND,95.6|95.4|95.0,86.5,1.16,2026-09-20T02:30:00+00:00
2026-09-18T20:59:59+00:00,2026-09-18-4LEG,4,Texas Longhorns wins (UTSA Roadrunners @ Texas Longhorns) | North Dakota State Bison wins (North Dakota State Bison @ Sacramento State Hornets) | Notre Dame Fighting Irish wins (Michigan State Spartans @ Notre Dame Fighting Irish) | Utah Utes wins (Utah State Aggies @ Utah Utes),KXNCAAFGAME-26SEP19UTSATEX-TEX|KXNCAAFGAME-26SEP19NDSUSAC-NDSU|KXNCAAFGAME-26SEP19MSUND-ND|KXNCAAFGAME-26SEP19USUUTAH-UTAH,95.6|95.4|95.0|94.8,82.1,1.22,2026-09-20T02:30:00+00:00
2026-09-18T20:59:59+00:00,2026-09-18-BOOST3,3,Texas Longhorns wins (UTSA Roadrunners @ Texas Longhorns) | Kansas State Wildcats wins (Tulane Green Wave @ Kansas State Wildcats) | Alabama Crimson Tide wins (Florida State Seminoles @ Alabama Crimson Tide),KXNCAAFGAME-26SEP19UTSATEX-TEX|KXNCAAFGAME-26SEP19TULNKSU-KSU|KXNCAAFGAME-26SEP19FSUALA-ALA,95.6|89.9|89.8,77.1,1.3,2026-09-20T00:00:00+00:00
2026-09-18T20:59:59+00:00,2026-09-18-BOOST4,4,Texas Longhorns wins (UTSA Roadrunners @ Texas Longhorns) | Kansas State Wildcats wins (Tulane Green Wave @ Kansas State Wildcats) | Alabama Crimson Tide wins (Florida State Seminoles @ Alabama Crimson Tide) | TCU Horned Frogs wins (Arkansas State Red Wolves @ TCU Horned Frogs),KXNCAAFGAME-26SEP19UTSATEX-TEX|KXNCAAFGAME-26SEP19TULNKSU-KSU|KXNCAAFGAME-26SEP19FSUALA-ALA|KXNCAAFGAME-26SEP19ARSTTCU-TCU,95.6|89.9|89.8|89.3,68.8,1.45,2026-09-20T00:00:00+00:00
2026-09-18T20:59:59+00:00,2026-09-18-BOOST5,5,Texas Longhorns wins (UTSA Roadrunners @ Texas Longhorns) | Kansas State Wildcats wins (Tulane Green Wave @ Kansas State Wildcats) | Alabama Crimson Tide wins (Florida State Seminoles @ Alabama Crimson Tide) | TCU Horned Frogs wins (Arkansas State Red Wolves @ TCU Horned Frogs) | Baylor Bears wins (Louisiana Tech Bulldogs @ Baylor Bears),KXNCAAFGAME-26SEP19UTSATEX-TEX|KXNCAAFGAME-26SEP19TULNKSU-KSU|KXNCAAFGAME-26SEP19FSUALA-ALA|KXNCAAFGAME-26SEP19ARSTTCU-TCU|KXNCAAFGAME-26SEP19LTBAY-BAY,95.6|89.9|89.8|89.3|89.2,61.4,1.63,2026-09-20T00:00:00+00:00
2026-09-18T20:59:59+00:00,2026-09-18-BOOST6,6,Texas Longhorns wins (UTSA Roadrunners @ Texas Longhorns) | Kansas State Wildcats wins (Tulane Green Wave @ Kansas State Wildcats) | Alabama Crimson Tide wins (Florida State Seminoles @ Alabama Crimson Tide) | TCU Horned Frogs wins (Arkansas State Red Wolves @ TCU Horned Frogs) | Baylor Bears wins (Louisiana Tech Bulldogs @ Baylor Bears) | Sam Houston State Bearkats wins (Nicholls State Colonels @ Sam Houston State Bearkats),KXNCAAFGAME-26SEP19UTSATEX-TEX|KXNCAAFGAME-26SEP19TULNKSU-KSU|KXNCAAFGAME-26SEP19FSUALA-ALA|KXNCAAFGAME-26SEP19ARSTTCU-TCU|KXNCAAFGAME-26SEP19LTBAY-BAY|KXNCAAFGAME-26SEP19NICHSHSU-SHSU,95.6|89.9|89.8|89.3|89.2|89.2,54.8,1.82,2026-09-20T00:00:00+00:00
2026-09-18T20:59:59+00:00,2026-09-18-SLATE1,4,Missouri Tigers wins (Troy Trojans @ Missouri Tigers) | Minnesota Golden Gophers wins (Akron Zips @ Minnesota Golden Gophers) | Nebraska Cornhuskers wins (North Dakota Fighting Hawks @ Nebraska Cornhuskers) | Boise State Broncos wins (South Dakota Coyotes @ Boise State Broncos),KXNCAAFGAME-26SEP19TROYMIZZ-MIZZ|KXNCAAFGAME-26SEP19AKRMINN-MINN|KXNCAAFGAME-26SEP19UNDNEB-NEB|KXNCAAFGAME-26SEP19SDAKBSU-BSU,94.5|93.6|93.6|93.6,77.4,1.29,2026-09-20T02:00:00+00:00
2026-09-18T20:59:59+00:00,2026-09-18-SLATE2,4,Georgia Bulldogs wins (Georgia Bulldogs @ Arkansas Razorbacks) | Iowa State Cyclones wins (Bowling Green Falcons @ Iowa State Cyclones) | Wisconsin Badgers wins (Eastern Michigan Eagles @ Wisconsin Badgers) | USC Trojans wins (USC Trojans @ Rutgers Scarlet Knights),KXNCAAFGAME-26SEP19UGAARK-UGA|KXNCAAFGAME-26SEP19BGSUISU-ISU|KXNCAAFGAME-26SEP19EMUWIS-WIS|KXNCAAFGAME-26SEP19USCRUTG-USC,93.3|92.6|92.6|92.0,73.5,1.36,2026-09-19T19:30:00+00:00
2026-09-18T20:59:59+00:00,2026-09-18-SLATE3,4,Oklahoma Sooners wins (New Mexico Lobos @ Oklahoma Sooners) | Kansas State Wildcats wins (Tulane Green Wave @ Kansas State Wildcats) | Alabama Crimson Tide wins (Florida State Seminoles @ Alabama Crimson Tide) | TCU Horned Frogs wins (Arkansas State Red Wolves @ TCU Horned Frogs),KXNCAAFGAME-26SEP19UNMOKLA-OKLA|KXNCAAFGAME-26SEP19TULNKSU-KSU|KXNCAAFGAME-26SEP19FSUALA-ALA|KXNCAAFGAME-26SEP19ARSTTCU-TCU,91.8|89.9|89.8|89.3,66.1,1.51,2026-09-20T00:00:00+00:00
2026-09-18T20:59:59+00:00,2026-09-18-SLATE4,4,Baylor Bears wins (Louisiana Tech Bulldogs @ Baylor Bears) | Sam Houston State Bearkats wins (Nicholls State Colonels @ Sam Houston State Bearkats) | UCF Knights wins (Georgia State Panthers @ UCF Knights) | Appalachian State Mountaineers wins (Charlotte 49ers @ Appalachian State Mountaineers),KXNCAAFGAME-26SEP19LTBAY-BAY|KXNCAAFGAME-26SEP19NICHSHSU-SHSU|KXNCAAFGAME-26SEP19GASTUCF-UCF|KXNCAAFGAME-26SEP19CHARAPP-APP,89.2|89.2|88.1|88.0,61.7,1.62,2026-09-19T23:00:00+00:00
2026-09-18T20:59:59+00:00,2026-09-18-SLATE5,4,BYU Cougars wins (BYU Cougars @ Colorado State Rams) | Texas A&M Aggies wins (Kentucky Wildcats @ Texas A&M Aggies) | Oregon State Beavers wins (Montana Grizzlies @ Oregon State Beavers) | Cincinnati Bearcats wins (Miami (OH) RedHawks @ Cincinnati Bearcats),KXNCAAFGAME-26SEP19BYUCSU-BYU|KXNCAAFGAME-26SEP19UKTXAM-TXAM|KXNCAAFGAME-26SEP19MONTORST-ORST|KXNCAAFGAME-26SEP19MOHCIN-CIN,88.0|86.4|86.4|84.9,55.8,1.79,2026-09-20T03:00:00+00:00
2026-09-18T20:59:59+00:00,2026-09-18-SLATE6,4,Liberty Flames wins (Ball State Cardinals @ Liberty Flames) | UCLA Bruins wins (Purdue Boilermakers @ UCLA Bruins) | Virginia Cavaliers wins (Virginia Cavaliers @ West Virginia Mountaineers) | Duke Blue Devils wins (Stanford Cardinal @ Duke Blue Devils),KXNCAAFGAME-26SEP19BALLLIB-LIB|KXNCAAFGAME-26SEP19PURUCLA-UCLA|KXNCAAFGAME-26SEP19WVUUVA-UVA|KXNCAAFGAME-26SEP19STANDUKE-DUKE,83.6|83.3|77.2|76.6,41.2,2.43,2026-09-20T03:00:00+00:00
2026-09-18T20:59:59+00:00,2026-09-18-SLATE7,4,Iva Jović wins (Iva Jović @ Cristina Bucsa) | Western Michigan Broncos wins (Western Michigan Broncos @ Rice Owls) | Texas Tech Red Raiders wins (Houston Cougars @ Texas Tech Red Raiders) | Los Angeles Dodgers wins (San Francisco Giants @ Los Angeles Dodgers),KXWTAMATCH-26SEP18BUCJOV-JOV|KXNCAAFGAME-26SEP19WMURICE-WMU|KXNCAAFGAME-26SEP18HOUTTU-TTU|KXMLBGAME-26SEP182215SFLAD-LAD,76.2|75.2|73.5|72.7,30.6,3.26,2026-09-19T23:00:00+00:00
2026-09-18T22:12:52+00:00,2026-09-18-2LEG,2,Texas Longhorns wins (UTSA Roadrunners @ Texas Longhorns) | North Dakota State Bison wins (North Dakota State Bison @ Sacramento State Hornets),KXNCAAFGAME-26SEP19UTSATEX-TEX|KXNCAAFGAME-26SEP19NDSUSAC-NDSU,95.6|95.4,91.1,1.1,2026-09-20T02:30:00+00:00
2026-09-18T22:12:52+00:00,2026-09-18-3LEG,3,Texas Longhorns wins (UTSA Roadrunners @ Texas Longhorns) | North Dakota State Bison wins (North Dakota State Bison @ Sacramento State Hornets) | Notre Dame Fighting Irish wins (Michigan State Spartans @ Notre Dame Fighting Irish),KXNCAAFGAME-26SEP19UTSATEX-TEX|KXNCAAFGAME-26SEP19NDSUSAC-NDSU|KXNCAAFGAME-26SEP19MSUND-ND,95.6|95.4|95.0,86.5,1.16,2026-09-20T02:30:00+00:00
2026-09-18T22:12:52+00:00,2026-09-18-4LEG,4,Texas Longhorns wins (UTSA Roadrunners @ Texas Longhorns) | North Dakota State Bison wins (North Dakota State Bison @ Sacramento State Hornets) | Notre Dame Fighting Irish wins (Michigan State Spartans @ Notre Dame Fighting Irish) | Utah Utes wins (Utah State Aggies @ Utah Utes),KXNCAAFGAME-26SEP19UTSATEX-TEX|KXNCAAFGAME-26SEP19NDSUSAC-NDSU|KXNCAAFGAME-26SEP19MSUND-ND|KXNCAAFGAME-26SEP19USUUTAH-UTAH,95.6|95.4|95.0|94.8,82.1,1.22,2026-09-20T02:30:00+00:00
2026-09-18T22:12:52+00:00,2026-09-18-BOOST3,3,Texas Longhorns wins (UTSA Roadrunners @ Texas Longhorns) | Kansas State Wildcats wins (Tulane Green Wave @ Kansas State Wildcats) | Alabama Crimson Tide wins (Florida State Seminoles @ Alabama Crimson Tide),KXNCAAFGAME-26SEP19UTSATEX-TEX|KXNCAAFGAME-26SEP19TULNKSU-KSU|KXNCAAFGAME-26SEP19FSUALA-ALA,95.6|89.9|89.8,77.1,1.3,2026-09-20T00:00:00+00:00
2026-09-18T22:12:52+00:00,2026-09-18-BOOST4,4,Texas Longhorns wins (UTSA Roadrunners @ Texas Longhorns) | Kansas State Wildcats wins (Tulane Green Wave @ Kansas State Wildcats) | Alabama Crimson Tide wins (Florida State Seminoles @ Alabama Crimson Tide) | Sam Houston State Bearkats wins (Nicholls State Colonels @ Sam Houston State Bearkats),KXNCAAFGAME-26SEP19UTSATEX-TEX|KXNCAAFGAME-26SEP19TULNKSU-KSU|KXNCAAFGAME-26SEP19FSUALA-ALA|KXNCAAFGAME-26SEP19NICHSHSU-SHSU,95.6|89.9|89.8|89.8,69.2,1.44,2026-09-20T00:00:00+00:00
2026-09-18T22:12:52+00:00,2026-09-18-BOOST5,5,Texas Longhorns wins (UTSA Roadrunners @ Texas Longhorns) | Kansas State Wildcats wins (Tulane Green Wave @ Kansas State Wildcats) | Alabama Crimson Tide wins (Florida State Seminoles @ Alabama Crimson Tide) | Sam Houston State Bearkats wins (Nicholls State Colonels @ Sam Houston State Bearkats) | Baylor Bears wins (Louisiana Tech Bulldogs @ Baylor Bears),KXNCAAFGAME-26SEP19UTSATEX-TEX|KXNCAAFGAME-26SEP19TULNKSU-KSU|KXNCAAFGAME-26SEP19FSUALA-ALA|KXNCAAFGAME-26SEP19NICHSHSU-SHSU|KXNCAAFGAME-26SEP19LTBAY-BAY,95.6|89.9|89.8|89.8|89.2,61.8,1.62,2026-09-20T00:00:00+00:00
2026-09-18T22:12:52+00:00,2026-09-18-BOOST6,6,Texas Longhorns wins (UTSA Roadrunners @ Texas Longhorns) | Kansas State Wildcats wins (Tulane Green Wave @ Kansas State Wildcats) | Alabama Crimson Tide wins (Florida State Seminoles @ Alabama Crimson Tide) | Sam Houston State Bearkats wins (Nicholls State Colonels @ Sam Houston State Bearkats) | Baylor Bears wins (Louisiana Tech Bulldogs @ Baylor Bears) | TCU Horned Frogs wins (Arkansas State Red Wolves @ TCU Horned Frogs),KXNCAAFGAME-26SEP19UTSATEX-TEX|KXNCAAFGAME-26SEP19TULNKSU-KSU|KXNCAAFGAME-26SEP19FSUALA-ALA|KXNCAAFGAME-26SEP19NICHSHSU-SHSU|KXNCAAFGAME-26SEP19LTBAY-BAY|KXNCAAFGAME-26SEP19ARSTTCU-TCU,95.6|89.9|89.8|89.8|89.2|89.2,55.1,1.81,2026-09-20T00:00:00+00:00
2026-09-18T22:12:52+00:00,2026-09-18-SLATE1,4,Missouri Tigers wins (Troy Trojans @ Missouri Tigers) | Minnesota Golden Gophers wins (Akron Zips @ Minnesota Golden Gophers) | Boise State Broncos wins (South Dakota Coyotes @ Boise State Broncos) | Nebraska Cornhuskers wins (North Dakota Fighting Hawks @ Nebraska Cornhuskers),KXNCAAFGAME-26SEP19TROYMIZZ-MIZZ|KXNCAAFGAME-26SEP19AKRMINN-MINN|KXNCAAFGAME-26SEP19SDAKBSU-BSU|KXNCAAFGAME-26SEP19UNDNEB-NEB,94.5|93.6|93.6|93.4,77.2,1.29,2026-09-20T02:00:00+00:00
2026-09-18T22:12:52+00:00,2026-09-18-SLATE2,4,Georgia Bulldogs wins (Georgia Bulldogs @ Arkansas Razorbacks) | Iowa State Cyclones wins (Bowling Green Falcons @ Iowa State Cyclones) | Wisconsin Badgers wins (Eastern Michigan Eagles @ Wisconsin Badgers) | USC Trojans wins (USC Trojans @ Rutgers Scarlet Knights),KXNCAAFGAME-26SEP19UGAARK-UGA|KXNCAAFGAME-26SEP19BGSUISU-ISU|KXNCAAFGAME-26SEP19EMUWIS-WIS|KXNCAAFGAME-26SEP19USCRUTG-USC,93.3|92.6|92.6|92.0,73.5,1.36,2026-09-19T19:30:00+00:00
2026-09-18T22:12:52+00:00,2026-09-18-SLATE3,4,Oklahoma Sooners wins (New Mexico Lobos @ Oklahoma Sooners) | Kansas State Wildcats wins (Tulane Green Wave @ Kansas State Wildcats) | Alabama Crimson Tide wins (Florida State Seminoles @ Alabama Crimson Tide) | Sam Houston State Bearkats wins (Nicholls State Colonels @ Sam Houston State Bearkats),KXNCAAFGAME-26SEP19UNMOKLA-OKLA|KXNCAAFGAME-26SEP19TULNKSU-KSU|KXNCAAFGAME-26SEP19FSUALA-ALA|KXNCAAFGAME-26SEP19NICHSHSU-SHSU,91.8|89.9|89.8|89.8,66.5,1.5,2026-09-19T23:30:00+00:00
2026-09-18T22:12:52+00:00,2026-09-18-SLATE4,4,Baylor Bears wins (Louisiana Tech Bulldogs @ Baylor Bears) | TCU Horned Frogs wins (Arkansas State Red Wolves @ TCU Horned Frogs) | UCF Knights wins (Georgia State Panthers @ UCF Knights) | Appalachian State Mountaineers wins (Charlotte 49ers @ Appalachian State Mountaineers),KXNCAAFGAME-26SEP19LTBAY-BAY|KXNCAAFGAME-26SEP19ARSTTCU-TCU|KXNCAAFGAME-26SEP19GASTUCF-UCF|KXNCAAFGAME-26SEP19CHARAPP-APP,89.2|89.2|88.1|88.0,61.7,1.62,2026-09-20T00:00:00+00:00
2026-09-18T22:12:52+00:00,2026-09-18-SLATE5,4,BYU Cougars wins (BYU Cougars @ Colorado State Rams) | Texas A&M Aggies wins (Kentucky Wildcats @ Texas A&M Aggies) | Oregon State Beavers wins (Montana Grizzlies @ Oregon State Beavers) | Cincinnati Bearcats wins (Miami (OH) RedHawks @ Cincinnati Bearcats),KXNCAAFGAME-26SEP19BYUCSU-BYU|KXNCAAFGAME-26SEP19UKTXAM-TXAM|KXNCAAFGAME-26SEP19MONTORST-ORST|KXNCAAFGAME-26SEP19MOHCIN-CIN,88.0|86.4|86.2|84.9,55.7,1.8,2026-09-20T03:00:00+00:00
2026-09-18T22:12:52+00:00,2026-09-18-SLATE6,4,Liberty Flames wins (Ball State Cardinals @ Liberty Flames) | UCLA Bruins wins (Purdue Boilermakers @ UCLA Bruins) | Virginia Cavaliers wins (Virginia Cavaliers @ West Virginia Mountaineers) | Duke Blue Devils wins (Stanford Cardinal @ Duke Blue Devils),KXNCAAFGAME-26SEP19BALLLIB-LIB|KXNCAAFGAME-26SEP19PURUCLA-UCLA|KXNCAAFGAME-26SEP19WVUUVA-UVA|KXNCAAFGAME-26SEP19STANDUKE-DUKE,83.6|83.3|77.2|76.6,41.2,2.43,2026-09-20T03:00:00+00:00
2026-09-18T22:12:52+00:00,2026-09-18-SLATE7,4,Iva Jović wins (Iva Jović @ Cristina Bucsa) | Western Michigan Broncos wins (Western Michigan Broncos @ Rice Owls) | Texas Tech Red Raiders wins (Houston Cougars @ Texas Tech Red Raiders) | Louisiana Ragin Cajuns wins (UAB Blazers @ Louisiana Ragin Cajuns),KXWTAMATCH-26SEP18BUCJOV-JOV|KXNCAAFGAME-26SEP19WMURICE-WMU|KXNCAAFGAME-26SEP18HOUTTU-TTU|KXNCAAFGAME-26SEP19UABULL-ULL,76.2|75.0|73.3|72.7,30.5,3.28,2026-09-20T00:00:00+00:00
2026-09-18T22:12:52+00:00,2026-09-18-PROPS2,2,Josh Naylor 1+ hits (Seattle Mariners @ Colorado Rockies) | Yandy Díaz 1+ hits (Boston Red Sox @ Tampa Bay Rays),KXMLBHIT-26SEP182010SEACOL-SEAJNAYLOR12-1|KXMLBHIT-26SEP181910BOSTB-TBYDIAZ2-1,76.0|71.2,54.1,1.85,2026-09-19T00:11:00+00:00
2026-09-18T22:12:52+00:00,2026-09-18-PROPS3,3,Josh Naylor 1+ hits (Seattle Mariners @ Colorado Rockies) | Yandy Díaz 1+ hits (Boston Red Sox @ Tampa Bay Rays) | Jackson Chourio 1+ hits (Milwaukee Brewers @ Baltimore Orioles),KXMLBHIT-26SEP182010SEACOL-SEAJNAYLOR12-1|KXMLBHIT-26SEP181910BOSTB-TBYDIAZ2-1|KXMLBHIT-26SEP181905MILBAL-MILJCHOURIO11-1,76.0|71.2|71.2,38.6,2.59,2026-09-19T00:11:00+00:00
2026-09-18T22:12:52+00:00,2026-09-18-PROPS4,4,Josh Naylor 1+ hits (Seattle Mariners @ Colorado Rockies) | Yandy Díaz 1+ hits (Boston Red Sox @ Tampa Bay Rays) | Jackson Chourio 1+ hits (Milwaukee Brewers @ Baltimore Orioles) | Mookie Betts 1+ hits (San Francisco Giants @ Los Angeles Dodgers),KXMLBHIT-26SEP182010SEACOL-SEAJNAYLOR12-1|KXMLBHIT-26SEP181910BOSTB-TBYDIAZ2-1|KXMLBHIT-26SEP181905MILBAL-MILJCHOURIO11-1|KXMLBHIT-26SEP182215SFLAD-LADMBETTS50-1,76.0|71.2|71.2|71.0,27.4,3.65,2026-09-19T02:15:00+00:00
2026-09-18T22:12:52+00:00,2026-09-18-TEAM1,2,Nick Gonzales 1+ hits (Kansas City Royals @ Pittsburgh Pirates) | Konnor Griffin 1+ hits (Kansas City Royals @ Pittsburgh Pirates),KXMLBHIT-26SEP181840KCPIT-PITNGONZALES3-1|KXMLBHIT-26SEP181840KCPIT-PITKGRIFFIN75-1,70.7|70.1,49.6,2.02,2026-09-18T22:41:00+00:00
2026-09-18T22:12:52+00:00,2026-09-18-TEAM2,6,Josh Naylor 1+ hits (Seattle Mariners @ Colorado Rockies) | Julio Rodríguez 1+ hits (Seattle Mariners @ Colorado Rockies) | Dominic Canzone 1+ hits (Seattle Mariners @ Colorado Rockies) | Randy Arozarena 1+ hits (Seattle Mariners @ Colorado Rockies) | J.P. Crawford 1+ hits (Seattle Mariners @ Colorado Rockies) | Cole Young 1+ hits (Seattle Mariners @ Colorado Rockies),KXMLBHIT-26SEP182010SEACOL-SEAJNAYLOR12-1|KXMLBHIT-26SEP182010SEACOL-SEAJRODRGUEZ44-1|KXMLBHIT-26SEP182010SEACOL-SEADCANZONE8-1|KXMLBHIT-26SEP182010SEACOL-SEARAROZARENA56-1|KXMLBHIT-26SEP182010SEACOL-SEAJCRAWFORD3-1|KXMLBHIT-26SEP182010SEACOL-SEACYOUNG2-1,76.0|75.5|74.3|73.7|73.0|72.1,16.6,6.04,2026-09-19T00:11:00+00:00
2026-09-18T22:12:52+00:00,2026-09-18-GAME1,6,Josh Naylor 1+ hits (Seattle Mariners @ Colorado Rockies) | Julio Rodríguez 1+ hits (Seattle Mariners @ Colorado Rockies) | Dominic Canzone 1+ hits (Seattle Mariners @ Colorado Rockies) | Jake McCarthy 1+ hits (Seattle Mariners @ Colorado Rockies) | Randy Arozarena 1+ hits (Seattle Mariners @ Colorado Rockies) | J.P. Crawford 1+ hits (Seattle Mariners @ Colorado Rockies),KXMLBHIT-26SEP182010SEACOL-SEAJNAYLOR12-1|KXMLBHIT-26SEP182010SEACOL-SEAJRODRGUEZ44-1|KXMLBHIT-26SEP182010SEACOL-SEADCANZONE8-1|KXMLBHIT-26SEP182010SEACOL-COLJMCCARTHY31-1|KXMLBHIT-26SEP182010SEACOL-SEARAROZARENA56-1|KXMLBHIT-26SEP182010SEACOL-SEAJCRAWFORD3-1,76.0|75.5|74.3|73.9|73.7|73.0,17.0,5.9,2026-09-19T00:11:00+00:00
2026-09-18T22:12:52+00:00,2026-09-18-TEAM3,2,Los Angeles Dodgers wins (San Francisco Giants @ Los Angeles Dodgers) | Mookie Betts 1+ hits (San Francisco Giants @ Los Angeles Dodgers),KXMLBGAME-26SEP182215SFLAD-LAD|KXMLBHIT-26SEP182215SFLAD-LADMBETTS50-1,72.6|71.0,51.5,1.94,2026-09-19T02:15:00+00:00
