graded_utc,ticker,city,action,cost_cents,count,fee_cents,market_result,result,pnl
2026-08-18T13:31:59+00:00,KXHIGHCHI-26AUG17-B80.5,Chicago,YES,40,2,4,NO,LOSS,-0.84
2026-08-18T13:31:59+00:00,KXHIGHTDC-26AUG17-B92.5,Washington DC,YES,37,2,4,NO,LOSS,-0.78
2026-08-18T13:31:59+00:00,KXHIGHTATL-26AUG17-B97.5,Atlanta,YES,34,2,4,YES,WIN,1.28
2026-08-18T13:31:59+00:00,KXHIGHTDAL-26AUG17-B106.5,Dallas,YES,20,5,6,YES,WIN,3.94
2026-08-18T13:31:59+00:00,KXHIGHDEN-26AUG17-B89.5,Denver,YES,36,2,4,NO,LOSS,-0.76
2026-08-18T13:31:59+00:00,KXHIGHTOKC-26AUG17-B100.5,Oklahoma City,YES,14,7,6,NO,LOSS,-1.04
2026-08-18T13:31:59+00:00,KXHIGHTBOS-26AUG17-T74,Boston,YES,53,1,2,NO,LOSS,-0.55
2026-08-18T13:31:59+00:00,KXHIGHTSATX-26AUG17-B101.5,San Antonio,YES,36,2,4,NO,LOSS,-0.76
2026-08-18T13:31:59+00:00,KXHIGHTNOLA-26AUG17-B97.5,New Orleans,YES,25,4,6,NO,LOSS,-1.06
